"k","cluster","posts","RTO","WFH","top_stems"
2,1,684,358,326,"peopl, job, mandat, time, polici, day, employe, worker"
2,2,16,0,16,"pls, food, med, ppl, chronic, qs, rs, ill"
3,1,21,10,11,"cash, luck, mercor, extra, check, opportun, lot, job"
3,2,16,0,16,"pls, food, med, ppl, chronic, qs, rs, ill"
3,3,663,348,315,"peopl, mandat, time, day, polici, job, employe, worker"
4,1,643,328,315,"peopl, mandat, time, day, polici, job, employe, worker"
4,2,20,20,0,"collin, fbi, reviv, susan, briberi, sen, implic, scheme"
4,3,21,10,11,"cash, luck, mercor, extra, capitul, fade, age, defin"
4,4,16,0,16,"pls, food, med, ppl, chronic, qs, rs, ill"
5,1,21,21,0,"trade, congress, combin, stock, trump, collin, fbi, susan"
5,2,16,0,16,"pls, food, med, ppl, chronic, qs, rs, ill"
5,3,10,10,0,"reviv, promis, wave, struggl, upend, town, heartland, boom"
5,4,11,0,11,"cash, luck, mercor, extra, check, opportun, lot, pay"
5,5,642,327,315,"peopl, mandat, time, day, polici, job, employe, worker"
6,1,31,31,0,"trade, capitul, fade, age, defin, congress, combin, trump"
6,2,616,310,306,"peopl, mandat, time, day, job, polici, employe, worker"
6,3,11,0,11,"cash, luck, mercor, extra, check, opportun, lot, pay"
6,4,16,7,9,"hous, white, term, pardon, affili, articl, trump, broad"
6,5,16,0,16,"pls, food, med, ppl, chronic, qs, rs, ill"
6,6,10,10,0,"reviv, promis, wave, struggl, upend, town, heartland, boom"
7,1,49,29,20,"day, week, compani, gas, employe, hour, paid, price"
7,2,11,0,11,"cash, luck, mercor, extra, check, opportun, lot, pay"
7,3,16,0,16,"pls, food, med, ppl, chronic, qs, rs, ill"
7,4,582,287,295,"peopl, mandat, time, polici, job, forc, product, link"
7,5,12,12,0,"trade, combin, trump, stock, congress, secur, volum, analysi"
7,6,20,20,0,"collin, fbi, reviv, susan, briberi, sen, implic, scheme"
7,7,10,10,0,"capitul, fade, age, defin, start, willing, submit, leader"
8,1,21,21,0,"trade, congress, combin, stock, trump, collin, fbi, susan"
8,2,53,33,20,"peopl, ice, lose, forc, continu, make, drive, record"
8,3,10,10,0,"reviv, promis, wave, struggl, upend, town, heartland, boom"
8,4,60,30,30,"day, week, compani, gas, employe, meet, time, hour"
8,5,11,0,11,"cash, luck, mercor, extra, check, opportun, lot, pay"
8,6,515,254,261,"mandat, time, polici, job, link, ai, innov, employe"
8,7,14,10,4,"capitul, fade, age, defin, start, willing, submit, leader"
8,8,16,0,16,"pls, food, med, ppl, chronic, qs, rs, ill"
9,1,228,65,163,"time, job, link, product, innov, ai, live, peopl"
9,2,71,49,22,"day, employe, week, compani, gas, mandat, polici, ass"
9,3,17,15,2,"ice, polici, detent, women, miscarriag, japanes, wwii, count"
9,4,10,10,0,"collin, fbi, susan, briberi, sen, implic, scheme, trigger"
9,5,20,20,0,"capitul, fade, age, defin, start, willing, submit, leader"
9,6,11,0,11,"cash, luck, mercor, extra, check, opportun, lot, pay"
9,7,315,187,128,"mandat, peopl, forc, news, hard, save, trump, busi"
9,8,16,0,16,"pls, food, med, ppl, chronic, qs, rs, ill"
9,9,12,12,0,"trade, combin, trump, stock, congress, secur, volum, analysi"
10,1,45,10,35,"product, ai, human, custom, task, servic, notion, life"
10,2,16,0,16,"pls, food, med, ppl, chronic, qs, rs, ill"
10,3,10,10,0,"collin, fbi, susan, briberi, sen, implic, scheme, trigger"
10,4,371,211,160,"polici, mandat, time, link, ice, news, innov, save"
10,5,22,22,0,"capitul, fade, age, defin, start, willing, submit, leader"
10,6,120,40,80,"job, boss, mandatori, feel, post, worker, guy, live"
10,7,12,12,0,"trade, combin, trump, stock, congress, secur, volum, analysi"
10,8,42,23,19,"peopl, lose, forc, make, drive, continu, live, ceo"
10,9,11,0,11,"cash, luck, mercor, extra, check, opportun, lot, pay"
10,10,51,30,21,"day, week, compani, gas, employe, hour, paid, price"
