"uri","group","text","cluster","distance_to_centre"
"at://did:plc:xsx3bphrwkgeo3qnfjhzmdra/app.bsky.feed.post/3mw4nbbwlds2d","WFH","Well, I guess it's time to find a new job 🙃 Company is sort of winding down from January... But why are all interesting things in the Randstad, and then require 3/4 days at the office. Not wasting 9-12 hours a week commuting.

What happened to remote work?",1,0.95433857155361
"at://did:plc:mczl3xs2vqdqzwiuctgurlhd/app.bsky.feed.post/3mvvkvxbfe223","WFH","I work in an office w people who are paid significantly more than I. (I'm an hourly assistant, they're salaried.) 
They get to work from home 1/2 the week - have since covid back to office.
I have to come in every day even though I COULD do some remote work.
With rising gas $ this is a PAY CUT.",1,0.95489074460697
"at://did:plc:cgzgf5f4i6lab553nug6phr2/app.bsky.feed.post/3mvqs6iuap22g","WFH","Applying for a full time job at 34 hours with a four-day fully remote work week. Fingers So crossed. They also have 7 weeks of paid office closures a year plus paid vacation.",1,0.956831602791779
"at://did:plc:h3y7rhw6ao6nk5mmuskplxco/app.bsky.feed.post/3mujcdtnxks2h","RTO","They need to shut up. If they don't like it, quit. So many people need a job. So many people got laid off. ottawacitizen.com/public-servi... #cdnpoli",1,0.958407573818589
"at://did:plc:crxoxzgz6dqc7shicnd2wsag/app.bsky.feed.post/3muy4pstzps2b","RTO","I mean, we have studies showing better productivity from a 4-day work week, but I don't see a lot of big companies making that the standard: executive.mit.edu/is-a-four-da...

To say nothing of all the companies pushing the whole ""return to office"" thing.",1,0.958763465502636
"at://did:plc:byadumx3dtrx6xs7qksrke3w/app.bsky.feed.post/3mw4ecr2nks2b","RTO","“revelations that a defense contractor's confessed pay-to-play scheme implicating Sen. Susan Collins (R-ME) and potentially other members of Congress that triggered an FBI bribery investigation, was later dismantled following President Donald Trump's return to office”",2,0.463588686875991
"at://did:plc:oh6o4qooe2apifd7rxwt27vb/app.bsky.feed.post/3mw5dv4fhm22m","RTO","""Revelations that a defense contractor's confessed pay-to-play scheme implicating Sen. Susan Collins and potentially other members of Congress that triggered an FBI bribery investigation, was later dismantled following President Donald Trump's return to office.""

www.rawstory.com/susan-collin...",2,0.463588686875991
"at://did:plc:xtsrec7b5i5vhq72akottzwu/app.bsky.feed.post/3mw4dykmk6c2i","RTO"," ...a defense contractor's confessed pay-to-play scheme implicating Sen. Susan Collins (R-ME) and potentially other members of Congress that triggered an FBI bribery investigation, was later dismantled following President Donald Trump's return to office.

www.rawstory.com/susan-collin...",2,0.471862251595204
"at://did:plc:3hnxmle2hfbilxnzcpr2yhrw/app.bsky.feed.post/3mw4mweusq22x","RTO","Shock reverberated online following revelations that a defense contractor's confessed pay-to-play scheme implicating Sen. Susan Collins (R-ME) and potentially other members of Congress that triggered an FBI bribery investigation, was later dismantled following President Trump's return to office.",2,0.486468776800192
"at://did:plc:bapz3lkf3u5d73knrbresvjh/app.bsky.feed.post/3mw4e4j4wys2b","RTO","""...revelations that a defense contractor's confessed pay-to-play scheme implicating Sen. Susan Collins (R-ME) and potentially other members of Congress that triggered an FBI bribery investigation, was later dismantled following Trump's return to office.""

www.rawstory.com/susan-collin...",2,0.494535367096523
"at://did:plc:apohfz4tqb3j4lixofk4ywkd/app.bsky.feed.post/3mvv44l3nys2y","WFH","$435 = WEEK'S ROOM RENT. ~$250 = WEEK'S FOOD & MEDS. ALL URGENT

Tati's disabled, chronically ill, mostly bedridden, & homeless. 69 ppl $10 each gets her safe for a week as she tries to recover enough for remote work.

Pls RS/QS. Pls do what you can. #HelpFolksLive2026",3,0.0718210506466795
"at://did:plc:apohfz4tqb3j4lixofk4ywkd/app.bsky.feed.post/3mvv455sypk2y","WFH","$435 = WEEK'S ROOM RENT. ~$250 = WEEK'S FOOD & MEDS. ALL URGENT

Tati's disabled, chronically ill, mostly bedridden, & homeless. 69 ppl $10 each gets her safe for a week as she tries to recover enough for remote work.

Pls RS/QS. Pls do what you can. #HelpFolksLive2026",3,0.0718210506466795
"at://did:plc:apohfz4tqb3j4lixofk4ywkd/app.bsky.feed.post/3mw26xwgdd22w","WFH","$435 WEEK'S ROOM RENT + ~$275 WEEK'S FOOD & MEDS URGENT!

Tati's disabled, chronically ill, mostly bedridden, & homeless. Trying to recover enough for remote work but can't do that on the streets. 71 ppl $10 each keeps her safe for a week.

Pls RS/QS. Pls do what you can. #HelpFolksLive2026",3,0.0718210506466795
"at://did:plc:apohfz4tqb3j4lixofk4ywkd/app.bsky.feed.post/3mwjdgt2rms2l","WFH","$180 B4 TOMORROW AM ROOM + FOOD/MEDS URGENT
~$750 B4 tomorrow am does a full week room rent + food & meds

Tati's disabled, chronically ill, bedridden, homeless. 75 ppl $10 each gives her a breather as she tries to recover enough for remote work.

Pls RS/QS. Pls do what you can. #HelpFolksLive2026",3,0.117773611526254
"at://did:plc:apohfz4tqb3j4lixofk4ywkd/app.bsky.feed.post/3mvsymub3rc2n","WFH","$125 TO GO WEEK'S ROOM RENT RN URGENT
~$200 does a week's food & medications

Tati's disabled, chronically ill, mostly bedridden, & homeless. Trying to recover enough for remote work. 33 ppl $10 each gets her safely housed w/ food & meds.

Pls RS/QS. Pls do what you can. #HelpFolksLive2026",3,0.174556107276213
"at://did:plc:u7xbbbsj5oodr6btxe4a4nnu/app.bsky.feed.post/3mvliijsbfk2q","WFH","If you are looking for great remote work to make some extra cash, check out Mercor.
Lots of Excellent High-Paying Jobs & Opportunities!
Good Luck!
work.mercor.com?referralCode...",4,0.0574789621178315
"at://did:plc:u7xbbbsj5oodr6btxe4a4nnu/app.bsky.feed.post/3mvqhmljm5s2r","WFH","If you are looking for great remote work to make some extra cash, check out Mercor.
Lots of Excellent High-Paying Jobs & Opportunities!
Good Luck!
work.mercor.com?referralCode...",4,0.0574789621178315
"at://did:plc:u7xbbbsj5oodr6btxe4a4nnu/app.bsky.feed.post/3mvvuhvw5es2q","WFH","If you are looking for great remote work to make some extra cash, check out Mercor.
Lots of Excellent High-Paying Jobs & Opportunities!
Good Luck!
work.mercor.com?referralCode...",4,0.0574789621178315
"at://did:plc:u7xbbbsj5oodr6btxe4a4nnu/app.bsky.feed.post/3mw57kvmnq22c","WFH","If you are looking for great remote work to make some extra cash, check out Mercor.
Lots of Excellent High-Paying Jobs & Opportunities!
Good Luck!
work.mercor.com?referralCode...",4,0.0574789621178315
"at://did:plc:u7xbbbsj5oodr6btxe4a4nnu/app.bsky.feed.post/3mwbs5x7n2s2i","WFH","If you are looking for great remote work to make some extra cash, check out Mercor.
Lots of Excellent High-Paying Jobs & Opportunities!
Good Luck!
work.mercor.com?referralCode...",4,0.0574789621178315
"at://did:plc:grvqhukaed3us6s6ftno2rit/app.bsky.feed.post/3mvmkl7bxes2d","RTO","A wave of manufacturing investment promised to revive struggling heartland towns and build a U.S. supply chain for electric vehicles and batteries. But policy changes since Trump's return to office have upended the boom, costing thousands of jobs

www.reuters.com/investigatio...",5,0.0519445275638735
"at://did:plc:qubyqwc2wsv5cpfm3i3f6skt/app.bsky.feed.post/3mvmg45lqrs2h","RTO","A wave of manufacturing investment promised to revive struggling heartland towns and build a U.S. supply chain for electric vehicles and batteries. But policy changes since Trump's return to office have upended the boom, costing thousands of jobs.

www.reuters.com/investigatio...",5,0.0519445275638735
"at://did:plc:vbljassbrgzig2nauh6mg5g6/app.bsky.feed.post/3mvm4cmbkmk2y","RTO","www.reuters.com/investigatio...
A wave of manufacturing investment promised to revive struggling heartland towns and build a U.S. supply chain for electric vehicles and batteries. But policy changes since trump’s return to office have upended the boom, costing thousands of jobs….",5,0.0519445275638735
"at://did:plc:y6msusnvv26y7o3ldyvyo6ge/app.bsky.feed.post/3mvnbir7gcc2d","RTO","""A wave of manufacturing investment promised to revive struggling heartland towns and build a U.S. supply chain for electric vehicles and batteries. But policy changes since Trump's return to office have upended the boom, costing thousands of jobs.""",5,0.0519445275638735
"at://did:plc:jbvnehrrdqoulco4rf5gxg5r/app.bsky.feed.post/3mvlwgii53k2s","RTO","A wave of manufacturing investment promised to revive struggling American heartland towns and build a US supply chain for electric vehicles and batteries. But policy changes since Trump's return to office have upended the boom, costing thousands of jobs reut.rs/4AkSdlS",5,0.0931411259464057
