"uri","group","text","reason"
"at://did:plc:kstp56fjsymztwl5jppmn3vc/app.bsky.feed.post/3mw76jcesa22c","RTO","Cool cool. 

www.narcity.com/return-to-of...","No terms after topic-word and document-frequency filters"
"at://did:plc:mtzw4emfxtpwjithyozngovg/app.bsky.feed.post/3mvvzvi2rpk2e","RTO","Meanwhile, this jerk...","No terms after topic-word and document-frequency filters"
"at://did:plc:4gaihal4k4ebfoazekxayf2e/app.bsky.feed.post/3mvv6ngkdmk2x","RTO","Return to office","No terms after topic-word and document-frequency filters"
"at://did:plc:jn6k5nqb7elzdbezbzjhdbsh/app.bsky.feed.post/3mvpgfq5skk2u","RTO","We should all rebel against this.

www.theguardian.com/business/202...","No terms after topic-word and document-frequency filters"
"at://did:plc:hvkt7g6hjpkf7g4rc6nx73ms/app.bsky.feed.post/3mvkim3rwek2u","RTO","return to office","No terms after topic-word and document-frequency filters"
"at://did:plc:7rpkzhd7o3fx76whp4wc6efe/app.bsky.feed.post/3mv6clpjpws2w","RTO","Return to Office","No terms after topic-word and document-frequency filters"
"at://did:plc:b2w5qhpnrkxg76boxyj4xrip/app.bsky.feed.post/3mv5smvtgrk2o","RTO","Return to office","No terms after topic-word and document-frequency filters"
"at://did:plc:66wvnez7xecq2a3jvsigxwfx/app.bsky.feed.post/3mv5kdrn3gs27","RTO","Return to Office","No terms after topic-word and document-frequency filters"
"at://did:plc:fqog56vdgmz6mpsku6km4n6l/app.bsky.feed.post/3mv3txklmbs2i","RTO","Pricey dirt 

www.paloaltoonline.com/peninsula/20...","No terms after topic-word and document-frequency filters"
"at://did:plc:agktt2ypeqfltm5uk2y5aak6/app.bsky.feed.post/3muvlxtd4gc2r","RTO","This seems relevant. Didn’t take much to find. 

laist.com/brief/news/p...","No terms after topic-word and document-frequency filters"
"at://did:plc:sxxnhzipsapdm5inx44fr322/app.bsky.feed.post/3muvb4gtagk2e","RTO","THIKN ABOUT IT - dashare.zone ADMIN","No terms after topic-word and document-frequency filters"
"at://did:plc:gvgrdwwc5f6i22goozcblkpe/app.bsky.feed.post/3muryotjga22a","RTO","Driven by more return to office or something else?","No terms after topic-word and document-frequency filters"
"at://did:plc:grjg44qgq3esx67xe5b52ujo/app.bsky.feed.post/3muai5jycds2q","RTO","with alt text","No terms after topic-word and document-frequency filters"
"at://did:plc:walmpgcg2pizdfdh2v6hif6e/app.bsky.feed.post/3mwlbnl5uqk2y","WFH","Was remote before, am remote now.

www.theglobeandmail.com/business/com...","No terms after topic-word and document-frequency filters"
"at://did:plc:nnq6o3pyroeydpwcj4saxqpx/app.bsky.feed.post/3mwj7jzlvz225","WFH","never going back into an office, remote work is where its at","No terms after topic-word and document-frequency filters"
"at://did:plc:7elj6kfeolayx4yha4va5rut/app.bsky.feed.post/3mwizzb2ja22m","WFH","Remote viewing while I remote work this flashing conundrum","No terms after topic-word and document-frequency filters"
"at://did:plc:lxyuyukapofrwyhsx7kcmgeh/app.bsky.feed.post/3mwc7tz67le2g","WFH","Gemini said

Manifest Destiny, but make it remote work.","No terms after topic-word and document-frequency filters"
"at://did:plc:7i65y6b6cpddxvzqeplxc5qa/app.bsky.feed.post/3mw7ny735jk27","WFH","It had been a while since I’d yelled at the TV like a straight bro who thinks he’s a remote work only football coach...","No terms after topic-word and document-frequency filters"
"at://did:plc:vugobxbj6uwmcn5jfum6fbkm/app.bsky.feed.post/3mvpy46gkbc27","WFH","us: so there's going to be a renewed emphasis on remote work, right?
them: no. 😌","No terms after topic-word and document-frequency filters"
"at://did:plc:67wdhrsgstmiyixg5bs6nptl/app.bsky.feed.post/3mvpxfby2222c","WFH","Then I trust we’re getting remote work back.","No terms after topic-word and document-frequency filters"
"at://did:plc:b6ifksscllmlnu43f3znvnw2/app.bsky.feed.post/3mvpw5bqd3n2j","WFH","but also no more remote work you lazy bastards","No terms after topic-word and document-frequency filters"
"at://did:plc:wbiaan2bl2mjonghjvluipco/app.bsky.feed.post/3mvpv4kl6bk2t","WFH","so that must mean back to remote work, right?","No terms after topic-word and document-frequency filters"
"at://did:plc:ppcpwmrxxyi7k46ajkko2iuk/app.bsky.feed.post/3mvpuxn4rr22m","WFH","REMOTE WORK COME SOON","No terms after topic-word and document-frequency filters"
"at://did:plc:fggv6gfmjok2jy7ue63vn6jq/app.bsky.feed.post/3mvot54aj4c2q","WFH","Of course i'm always open to remote work","No terms after topic-word and document-frequency filters"
"at://did:plc:g5vipc4xq5jgzz4kptw2wksy/app.bsky.feed.post/3mvor76fwlc2i","WFH","Remote work can be a blessing.","No terms after topic-word and document-frequency filters"
"at://did:plc:jmuvlsz24jdbf5dosmojhvwd/app.bsky.feed.post/3mvnxnlgrss2r","WFH","another point for remote work!","No terms after topic-word and document-frequency filters"
"at://did:plc:u6ajzyiqzkzbppp2x2y7fpfu/app.bsky.feed.post/3mvnriepww22b","WFH","Remote work *also* for cuck losers","No terms after topic-word and document-frequency filters"
