"cluster","term","weight"
1,"peopl",0.03566912019453
1,"mandat",0.0329941043880077
1,"time",0.0326186515258911
1,"day",0.0307447036118499
1,"polici",0.0298620296771664
1,"job",0.0289208197477798
1,"employe",0.0229664144316717
1,"worker",0.0219735412908701
1,"compani",0.0218654734433136
1,"forc",0.021739487715878
2,"trade",0.293253547229514
2,"congress",0.204195797325361
2,"combin",0.171698217073258
2,"stock",0.143810295753777
2,"trump",0.14005418837058
2,"collin",0.129297070611534
2,"fbi",0.125460794862959
2,"susan",0.119106159119665
2,"briberi",0.10469747225144
2,"sen",0.102348703019788
3,"pls",0.409751043023716
3,"food",0.237002561400241
3,"med",0.232198853071836
3,"ppl",0.217749203970621
3,"chronic",0.204875521511858
3,"qs",0.204875521511858
3,"rs",0.204875521511858
3,"ill",0.1955575410536
3,"bedridden",0.18835911564619
3,"disabl",0.182890591018156
4,"cash",0.419513642651013
4,"luck",0.410724614672263
4,"mercor",0.410724614672263
4,"extra",0.402639492685037
4,"check",0.36430720766434
4,"opportun",0.349498775927787
4,"lot",0.321594394450195
4,"pay",0.291668554435733
4,"excel",0.251191101053896
4,"job",0.210623456200891
5,"reviv",0.25593264052269
5,"promis",0.199878079553176
5,"wave",0.199878079553176
5,"struggl",0.191300434867963
5,"upend",0.191300434867963
5,"town",0.187534682105979
5,"heartland",0.185905146364304
5,"boom",0.184048139622169
5,"invest",0.184048139622169
5,"chain",0.183065675217973
