"group","word","n"
"WFH","remote",373
"RTO","office",327
"RTO","return",298
"WFH","office",37
"RTO","trump",36
"WFH","job",36
"RTO","people",35
"WFH","jobs",32
"WFH","pls",32
"WFH","time",32
"WFH","ai",29
"RTO","policy",28
"WFH","people",27
"RTO","mandates",25
"WFH","home",25
"RTO","employees",23
"WFH","day",22
"RTO","mandate",21
"WFH","food",21
"RTO","congress",20
"WFH","disabled",20
"WFH","meds",20
"WFH","ppl",19
"WFH","week",19
"RTO","days",18
"RTO","home",18
"RTO","remote",18
"RTO","week",18
"RTO","donald",17
"RTO","president",17
"WFH","ill",17
"WFH","opportunities",17
"RTO","ice",16
"RTO","jobs",16
"RTO","trades",16
"WFH","chronically",16
"WFH","homeless",16
"WFH","qs",16
"WFH","rs",16
"RTO","collins",15
"RTO","day",15
"RTO","time",15
"RTO","workers",15
"WFH","bedridden",15
"WFH","real",15
"WFH","rent",15
"RTO","susan",14
"RTO","thousands",14
"WFH","check",14
"WFH","hiring",14
"WFH","tech",14
"RTO","combined",13
"RTO","costing",13
"RTO","forced",13
"RTO","job",13
"WFH","energy",13
"WFH","extra",13
"WFH","live",13
"WFH","lots",13
"WFH","paid",13
"WFH","productivity",13
"WFH","recover",13
"WFH","service",13
"WFH","workers",13
"RTO","ai",12
"RTO","boom",12
"RTO","fbi",12
"RTO","investment",12
"RTO","public",12
"RTO","staff",12
"RTO","upended",12
"RTO","world",12
"WFH","mercor",12
"WFH","paying",12
"WFH","safe",12
"RTO","companies",11
"RTO","defined",11
"RTO","federal",11
"RTO","investigation",11
"RTO","leaders",11
"RTO","policies",11
"RTO","real",11
"RTO","sen",11
"RTO","women",11
"WFH","apply",11
"WFH","cash",11
"WFH","customer",11
"WFH","employees",11
"WFH","experience",11
"WFH","hours",11
"WFH","luck",11
"RTO","age",10
"RTO","bribery",10
"RTO","capitulation",10
"RTO","mcconnell",10
"RTO","months",10
"RTO","pay",10
"RTO","promised",10
"RTO","push",10
"RTO","read",10
"RTO","revive",10
"RTO","rto",10
"RTO","struggling",10
"RTO","towns",10
"RTO","wave",10
"WFH","data",10
"WFH","days",10
"WFH","gas",10
"WFH","pay",10
"WFH","remotework",10
"WFH","urgent",10
"RTO","batteries",9
"RTO","build",9
"RTO","chain",9
"RTO","company",9
"RTO","covid",9
"RTO","defense",9
"RTO","electric",9
"RTO","fade",9
"RTO","gas",9
"RTO","heartland",9
"RTO","human",9
"RTO","implicating",9
"RTO","manufacturing",9
"RTO","money",9
"RTO","play",9
"RTO","report",9
"RTO","scheme",9
"RTO","starting",9
"RTO","stock",9
"RTO","supply",9
"RTO","triggered",9
"WFH","build",9
"WFH","costs",9
"WFH","employment",9
"WFH","hour",9
"WFH","living",9
"WFH","south",9
"RTO","barclays",8
"RTO","confessed",8
"RTO","country",8
"RTO","data",8
"RTO","detention",8
"RTO","dismantled",8
"RTO","domestic",8
"RTO","lot",8
"RTO","mitch",8
"RTO","potentially",8
"RTO","spend",8
"RTO","tech",8
"RTO","term",8
"RTO","traffic",8
"RTO","vehicles",8
"RTO","war",8
"WFH","companies",8
"WFH","corporate",8
"WFH","covid",8
"WFH","drive",8
"WFH","earn",8
"WFH","easier",8
"WFH","lot",8
"WFH","lower",8
"WFH","meeting",8
"WFH","read",8
"WFH","start",8
"WFH","tati",8
"WFH","training",8
"WFH","united",8
"RTO","ago",7
"RTO","allowed",7
"RTO","analysis",7
"RTO","guy",7
"RTO","idea",7
"RTO","lost",7
"RTO","managers",7
"RTO","mandatory",7
"RTO","million",7
"RTO","power",7
"RTO","project",7
"RTO","shit",7
"RTO","submit",7
"RTO","transit",7
"RTO","white",7
"WFH","digital",7
"WFH","free",7
"WFH","fuel",7
"WFH","notion",7
"WFH","opportunity",7
"WFH","post",7
"WFH","project",7
"WFH","safety",7
"WFH","save",7
"WFH","staff",7
"WFH","texas",7
"RTO","billion",6
"RTO","ceos",6
"RTO","commute",6
"RTO","control",6
"RTO","corruption",6
"RTO","costs",6
"RTO","court",6
"RTO","demand",6
"RTO","drive",6
"RTO","employee",6
"RTO","held",6
"RTO","institutions",6
"RTO","lack",6
"RTO","market",6
"RTO","military",6
"RTO","ottawa",6
"RTO","republicans",6
"RTO","revelations",6
"RTO","stop",6
"RTO","willingness",6
"WFH","article",6
"WFH","austin",6
"WFH","bad",6
"WFH","based",6
"WFH","business",6
"WFH","cost",6
"WFH","country",6
"WFH","demand",6
"WFH","employers",6
"WFH","excellent",6
"WFH","flexible",6
"WFH","folks",6
"WFH","guess",6
"WFH","health",6
"WFH","helps",6
"WFH","hybrid",6
"WFH","means",6
"WFH","minutes",6
"WFH","month",6
"WFH","months",6
"WFH","option",6
"WFH","person",6
"WFH","position",6
"WFH","prices",6
"WFH","representative",6
"WFH","sales",6
"WFH","seeking",6
"WFH","shelter",6
"WFH","social",6
"WFH","support",6
"WFH","usa",6
"WFH","virtual",6
"WFH","worker",6
"RTO","agency",5
"RTO","bad",5
"RTO","bosses",5
"RTO","building",5
"RTO","business",5
"RTO","cost",5
"RTO","count",5
"RTO","dat",5
"RTO","dc",5
"RTO","democrats",5
"RTO","due",5
"RTO","evs",5
"RTO","feel",5
"RTO","finally",5
"RTO","found",5
"RTO","free",5
"RTO","freedom",5
"RTO","government",5
"RTO","hard",5
"RTO","labor",5
"RTO","law",5
"RTO","literally",5
"RTO","major",5
"RTO","makes",5
"RTO","miscarriages",5
"RTO","news",5
"RTO","paying",5
"RTO","person",5
"RTO","press",5
"RTO","pushing",5
"RTO","record",5
"RTO","securities",5
"RTO","september",5
"RTO","skills",5
"RTO","space",5
"RTO","support",5
"RTO","taxpayer",5
"RTO","wait",5
"WFH","administration",5
"WFH","analyst",5
"WFH","canada",5
"WFH","company",5
"WFH","contract",5
"WFH","create",5
"WFH","daily",5
"WFH","decades",5
"WFH","environment",5
"WFH","finally",5
"WFH","global",5
"WFH","government",5
"WFH","guide",5
"WFH","happen",5
"WFH","house",5
"WFH","income",5
"WFH","leave",5
"WFH","local",5
"WFH","lost",5
"WFH","love",5
"WFH","manage",5
"WFH","mental",5
"WFH","money",5
"WFH","morning",5
"WFH","os",5
"WFH","plan",5
"WFH","positions",5
"WFH","pushing",5
"WFH","qualified",5
"WFH","remotejobs",5
"WFH","ryzen",5
"WFH","shift",5
"WFH","shit",5
"WFH","study",5
"WFH","system",5
"WFH","tasks",5
"WFH","wages",5
"RTO","administration",4
"RTO","anymore",4
"RTO","appeals",4
"RTO","argument",4
"RTO","auto",4
"RTO","begins",4
"RTO","biden",4
"RTO","boss",4
"RTO","broad",4
"RTO","bullshit",4
"RTO","buy",4
"RTO","called",4
"RTO","calls",4
"RTO","canada",4
"RTO","chair",4
"RTO","changed",4
"RTO","city",4
"RTO","civil",4
"RTO","comparing",4
"RTO","coo",4
"RTO","corporate",4
"RTO","culture",4
"RTO","decision",4
"RTO","dems",4
"RTO","derailed",4
"RTO","dropped",4
"RTO","employers",4
"RTO","estate",4
"RTO","evidence",4
"RTO","factory",4
"RTO","force",4
"RTO","fuck",4
"RTO","fuel",4
"RTO","funny",4
"RTO","golf",4
"RTO","gop",4
"RTO","hell",4
"RTO","house",4
"RTO","hybrid",4
"RTO","immigration",4
"RTO","increasingly",4
"RTO","industry",4
"RTO","insider",4
"RTO","intelligence",4
"RTO","internment",4
"RTO","japanese",4
"RTO","july",4
"RTO","junior",4
"RTO","layoffs",4
"RTO","leadership",4
"RTO","loss",4
"RTO","maga",4
"RTO","meeting",4
"RTO","move",4
"RTO","newsom",4
"RTO","officials",4
"RTO","pandemic",4
"RTO","parents",4
"RTO","performance",4
"RTO","plans",4
"RTO","price",4
"RTO","reason",4
"RTO","rejects",4
"RTO","remotely",4
"RTO","reporting",4
"RTO","reverberated",4
"RTO","scrubbed",4
"RTO","service",4
"RTO","shock",4
"RTO","shocking",4
"RTO","significant",4
"RTO","situation",4
"RTO","spending",4
"RTO","study",4
"RTO","stupid",4
"RTO","supposed",4
"RTO","surprise",4
"RTO","tajine",4
"RTO","team",4
"RTO","telework",4
"RTO","thousand",4
"RTO","traded",4
"RTO","union",4
"RTO","worth",4
"RTO","wwii",4
"RTO","yeah",4
"WFH","access",4
"WFH","active",4
"WFH","affiliates",4
"WFH","africa",4
"WFH","african",4
"WFH","akstores",4
"WFH","amazing",4
"WFH","america",4
"WFH","anti",4
"WFH","applying",4
"WFH","approved",4
"WFH","bringing",4
"WFH","callcenter",4
"WFH","careers",4
"WFH","christian",4
"WFH","cities",4
"WFH","client",4
"WFH","coffee",4
"WFH","commission",4
"WFH","commuting",4
"WFH","contracts",4
"WFH","crazy",4
"WFH","current",4
"WFH","customerservicerepresentative",4
"WFH","design",4
"WFH","desk",4
"WFH","details",4
"WFH","due",4
"WFH","engineering",4
"WFH","evidence",4
"WFH","families",4
"WFH","feel",4
"WFH","fewer",4
"WFH","fine",4
"WFH","focus",4
"WFH","friday",4
"WFH","game",4
"WFH","gasoline",4
"WFH","geebo",4
"WFH","gonna",4
"WFH","happened",4
"WFH","hate",4
"WFH","include",4
"WFH","ip",4
"WFH","join",4
"WFH","life",4
"WFH","location",4
"WFH","lol",4
"WFH","makes",4
"WFH","mandatory",4
"WFH","media",4
"WFH","meetings",4
"WFH","mini",4
"WFH","move",4
"WFH","nowhiring",4
"WFH","offices",4
"WFH","online",4
"WFH","pandemic",4
"WFH","policies",4
"WFH","policy",4
"WFH","public",4
"WFH","qa",4
"WFH","qualifying",4
"WFH","reach",4
"WFH","reason",4
"WFH","reduce",4
"WFH","resources",4
"WFH","return",4
"WFH","rn",4
"WFH","roles",4
"WFH","salary",4
"WFH","sample",4
"WFH","school",4
"WFH","similar",4
"WFH","smart",4
"WFH","studios",4
"WFH","tax",4
"WFH","taxes",4
"WFH","team",4
"WFH","tips",4
"WFH","traffic",4
"WFH","travel",4
"WFH","tx",4
"WFH","weeks",4
"WFH","win",4
"WFH","worth",4
"RTO","absolutely",3
"RTO","accused",3
"RTO","action",3
"RTO","actions",3
"RTO","agencies",3
"RTO","agents",3
"RTO","ahead",3
"RTO","air",3
"RTO","america",3
"RTO","american",3
"RTO","americans",3
"RTO","article",3
"RTO","articles",3
"RTO","artificial",3
"RTO","backlash",3
"RTO","benefit",3
"RTO","bill",3
"RTO","bloomberg",3
"RTO","borders",3
"RTO","brain",3
"RTO","bunch",3
"RTO","call",3
"RTO","campaign",3
"RTO","center",3
"RTO","ceo",3
"RTO","change",3
"RTO","collaboration",3
"RTO","commercial",3
"RTO","community",3
"RTO","commutes",3
"RTO","continue",3
"RTO","cool",3
"RTO","corporations",3
"RTO","countries",3
"RTO","cut",3
"RTO","cuts",3
"RTO","dead",3
"RTO","decade",3
"RTO","decide",3
"RTO","decline",3
"RTO","demanding",3
"RTO","detail",3
"RTO","detaining",3
"RTO","directly",3
"RTO","disabled",3
"RTO","disapproval",3
"RTO","disbanded",3
"RTO","discourse",3
"RTO","driving",3
"RTO","emergency",3
"RTO","en",3
"RTO","enforcement",3
"RTO","eventually",3
"RTO","exact",3
"RTO","explode",3
"RTO","failed",3
"RTO","fascism",3
"RTO","figure",3
"RTO","frequently",3
"RTO","ft",3
"RTO","fucking",3
"RTO","funded",3
"RTO","funding",3
"RTO","future",3
"RTO","giving",3
"RTO","gov",3
"RTO","growing",3
"RTO","guess",3
"RTO","heilemann",3
"RTO","hope",3
"RTO","impact",3
"RTO","impeachment",3
"RTO","initiative",3
"RTO","involved",3
"RTO","iran",3
"RTO","issued",3
"RTO","january",3
"RTO","june",3
"RTO","leaving",3
"RTO","life",3
"RTO","living",3
"RTO","local",3
"RTO","mass",3
"RTO","mayor",3
"RTO","means",3
"RTO","mind",3
"RTO","month",3
"RTO","multco",3
"RTO","narcissism",3
"RTO","national",3
"RTO","newly",3
"RTO","online",3
"RTO","organizations",3
"RTO","paid",3
"RTO","paper",3
"RTO","pardons",3
"RTO","parking",3
"RTO","peak",3
"RTO","petition",3
"RTO","plan",3
"RTO","planned",3
"RTO","political",3
"RTO","politician",3
"RTO","positive",3
"RTO","post",3
"RTO","pregnant",3
"RTO","pressure",3
"RTO","prison",3
"RTO","productivity",3
"RTO","proportion",3
"RTO","published",3
"RTO","pushed",3
"RTO","rates",3
"RTO","records",3
"RTO","refuse",3
"RTO","relationship",3
"RTO","remove",3
"RTO","rep",3
"RTO","resign",3
"RTO","reveals",3
"RTO","revival",3
"RTO","running",3
"RTO","safety",3
"RTO","saved",3
"RTO","scandal",3
"RTO","secret",3
"RTO","senator",3
"RTO","sense",3
"RTO","set",3
"RTO","sharpen",3
"RTO","sign",3
"RTO","signed",3
"RTO","single",3
"RTO","start",3
"RTO","stay",3
"RTO","studies",3
"RTO","stuff",3
"RTO","sucks",3
"RTO","suffered",3
"RTO","supreme",3
"RTO","taxpayers",3
"RTO","technical",3
"RTO","tenure",3
"RTO","thinking",3
"RTO","told",3
"RTO","top",3
"RTO","trade",3
"RTO","train",3
"RTO","transportation",3
"RTO","travel",3
"RTO","true",3
"RTO","unions",3
"RTO","united",3
"RTO","video",3
"RTO","volume",3
"RTO","vote",3
"RTO","wfh",3
"RTO","win",3
"RTO","worker",3
"WFH","affiliate",3
"WFH","afford",3
"WFH","agency",3
"WFH","aijobs",3
"WFH","american",3
"WFH","anymore",3
"WFH","application",3
"WFH","argument",3
"WFH","ban",3
"WFH","benefits",3
"WFH","bosses",3
"WFH","break",3
"WFH","businesses",3
"WFH","call",3
"WFH","car",3
"WFH","care",3
"WFH","center",3
"WFH","centers",3
"WFH","choose",3
"WFH","city",3
"WFH","clean",3
"WFH","clients",3
"WFH","college",3
"WFH","coming",3
"WFH","community",3
"WFH","commutes",3
"WFH","compensation",3
"WFH","covers",3
"WFH","culture",3
"WFH","date",3
"WFH","distance",3
"WFH","duration",3
"WFH","easy",3
"WFH","economic",3
"WFH","efficiency",3
"WFH","emissions",3
"WFH","employee",3
"WFH","employer",3
"WFH","encouraging",3
"WFH","enjoy",3
"WFH","entrepreneurship",3
"WFH","entry",3
"WFH","evs",3
"WFH","expected",3
"WFH","expert",3
"WFH","feels",3
"WFH","financial",3
"WFH","finding",3
"WFH","flexibility",3
"WFH","found",3
"WFH","freelance",3
"WFH","fuck",3
"WFH","fucking",3
"WFH","fun",3
"WFH","funny",3
"WFH","google",3
"WFH","growth",3
"WFH","hahaha",3
"WFH","handoffs",3
"WFH","hold",3
"WFH","hope",3
"WFH","hunting",3
"WFH","idk",3
"WFH","im",3
"WFH","image",3
"WFH","individuals",3
"WFH","innovation",3
"WFH","interviews",3
"WFH","iranian",3
"WFH","kids",3
"WFH","knowing",3
"WFH","korea",3
"WFH","label",3
"WFH","lan",3
"WFH","lanes",3
"WFH","language",3
"WFH","leads",3
"WFH","learn",3
"WFH","left",3
"WFH","level",3
"WFH","low",3
"WFH","management",3
"WFH","market",3
"WFH","miss",3
"WFH","monday",3
"WFH","morgan",3
"WFH","network",3
"WFH","nice",3
"WFH","offer",3
"WFH","parenting",3
"WFH","patterns",3
"WFH","portfolio",3
"WFH","posting",3
"WFH","presence",3
"WFH","priorities",3
"WFH","process",3
"WFH","productive",3
"WFH","program",3
"WFH","protect",3
"WFH","protections",3
"WFH","question",3
"WFH","rate",3
"WFH","ready",3
"WFH","remotely",3
"WFH","reporting",3
"WFH","requires",3
"WFH","review",3
"WFH","rich",3
"WFH","rights",3
"WFH","rise",3
"WFH","roads",3
"WFH","robots",3
"WFH","role",3
"WFH","rural",3
"WFH","schedule",3
"WFH","secure",3
"WFH","security",3
"WFH","seek",3
"WFH","sept",3
"WFH","short",3
"WFH","shortages",3
"WFH","sick",3
"WFH","single",3
"WFH","site",3
"WFH","situation",3
"WFH","sleep",3
"WFH","software",3
"WFH","solar",3
"WFH","sort",3
"WFH","spend",3
"WFH","spent",3
"WFH","stable",3
"WFH","stay",3
"WFH","step",3
"WFH","steps",3
"WFH","stress",3
"WFH","stuck",3
"WFH","stuff",3
"WFH","task",3
"WFH","teams",3
"WFH","told",3
"WFH","towns",3
"WFH","train",3
"WFH","transport",3
"WFH","weekly",3
"WFH","wfh",3
"WFH","widespread",3
"WFH","women",3
"WFH","workflow",3
"WFH","world",3
"WFH","writing",3
"RTO","absence",2
"RTO","absolute",2
"RTO","access",2
"RTO","accountable",2
"RTO","agree",2
"RTO","allies",2
"RTO","als",2
"RTO","angry",2
"RTO","appeal",2
"RTO","approve",2
"RTO","arbitrary",2
"RTO","ass",2
"RTO","att",2
"RTO","attention",2
"RTO","attrition",2
"RTO","backpay",2
"RTO","battle",2
"RTO","bc",2
"RTO","beautiful",2
"RTO","beginning",2
"RTO","benefits",2
"RTO","billions",2
"RTO","blanket",2
"RTO","blueprint",2
"RTO","budget",2
"RTO","buildings",2
"RTO","car",2
"RTO","care",2
"RTO","centretown",2
"RTO","challenge",2
"RTO","challenges",2
"RTO","chamber",2
"RTO","character",2
"RTO","check",2
"RTO","cohen",2
"RTO","collar",2
"RTO","coming",2
"RTO","committee",2
"RTO","commuters",2
"RTO","congestion",2
"RTO","congressional",2
"RTO","conservative",2
"RTO","conservatives",2
"RTO","constitution",2
"RTO","continued",2
"RTO","continuing",2
"RTO","contracts",2
"RTO","contributing",2
"RTO","cooler",2
"RTO","counting",2
"RTO","covering",2
"RTO","create",2
"RTO","crisis",2
"RTO","cronies",2
"RTO","cult",2
"RTO","damage",2
"RTO","dark",2
"RTO","david",2
"RTO","de",2
"RTO","deals",2
"RTO","deeply",2
"RTO","deference",2
"RTO","defiance",2
"RTO","demanded",2
"RTO","desks",2
"RTO","details",2
"RTO","dhs",2
"RTO","dictates",2
"RTO","die",2
"RTO","dijcke",2
"RTO","directive",2
"RTO","disagreed",2
"RTO","disclose",2
"RTO","disgusting",2
"RTO","distribution",2
"RTO","documents",2
"RTO","dog",2
"RTO","dramatically",2
"RTO","driven",2
"RTO","duh",2
"RTO","dumb",2
"RTO","earlier",2
"RTO","easier",2
"RTO","easy",2
"RTO","eat",2
"RTO","economics",2
"RTO","economy",2
"RTO","effective",2
"RTO","election",2
"RTO","element",2
"RTO","employer",2
"RTO","enabled",2
"RTO","energy",2
"RTO","enforce",2
"RTO","engagement",2
"RTO","ev",2
"RTO","everyday",2
"RTO","exacerbating",2
"RTO","executive",2
"RTO","expense",2
"RTO","expensive",2
"RTO","experience",2
"RTO","experiencing",2
"RTO","expressing",2
"RTO","facing",2
"RTO","family",2
"RTO","fat",2
"RTO","favorite",2
"RTO","fellow",2
"RTO","fewer",2
"RTO","fight",2
"RTO","fire",2
"RTO","fired",2
"RTO","firms",2
"RTO","flexibility",2
"RTO","food",2
"RTO","foot",2
"RTO","forbes",2
"RTO","forcefully",2
"RTO","forces",2
"RTO","forward",2
"RTO","fought",2
"RTO","foundation",2
"RTO","furious",2
"RTO","gavin",2
"RTO","gec",2
"RTO","gift",2
"RTO","glad",2
"RTO","global",2
"RTO","gold",2
"RTO","greatly",2
"RTO","grumble",2
"RTO","guardian",2
"RTO","habit",2
"RTO","half",2
"RTO","harm",2
"RTO","headlines",2
"RTO","health",2
"RTO","hear",2
"RTO","helped",2
"RTO","heritage",2
"RTO","hired",2
"RTO","hold",2
"RTO","hoping",2
"RTO","hours",2
"RTO","housing",2
"RTO","hundreds",2
"RTO","imagine",2
"RTO","implemented",2
"RTO","include",2
"RTO","including",2
"RTO","increase",2
"RTO","insufficient",2
"RTO","international",2
"RTO","introduced",2
"RTO","investigated",2
"RTO","investigations",2
"RTO","ire",2
"RTO","jan",2
"RTO","join",2
"RTO","judiciary",2
"RTO","justify",2
"RTO","kids",2
"RTO","le",2
"RTO","learn",2
"RTO","leases",2
"RTO","leave",2
"RTO","left",2
"RTO","legal",2
"RTO","lower",2
"RTO","lunches",2
"RTO","lying",2
"RTO","main",2
"RTO","majority",2
"RTO","management",2
"RTO","marking",2
"RTO","matter",2
"RTO","media",2
"RTO","memo",2
"RTO","met",2
"RTO","metro",2
"RTO","midterms",2
"RTO","mil",2
"RTO","miles",2
"RTO","minimum",2
"RTO","mobile",2
"RTO","monaco",2
"RTO","monday",2
"RTO","morning",2
"RTO","narrator",2
"RTO","nazis",2
"RTO","obtained",2
"RTO","october",2
"RTO","offer",2
"RTO","ongoing",2
"RTO","opposition",2
"RTO","outlined",2
"RTO","owners",2
"RTO","packages",2
"RTO","partial",2
"RTO","pathetic",2
"RTO","peace",2
"RTO","piece",2
"RTO","pied",2
"RTO","practice",2
"RTO","prediction",2
"RTO","pretty",2
"RTO","primary",2
"RTO","priority",2
"RTO","process",2
"RTO","prolonged",2
"RTO","protest",2
"RTO","proximity",2
"RTO","publicly",2
"RTO","pulled",2
"RTO","raise",2
"RTO","range",2
"RTO","ranking",2
"RTO","rating",2
"RTO","receiving",2
"RTO","recent",2
"RTO","reconsider",2
"RTO","recruiter",2
"RTO","red",2
"RTO","reduce",2
"RTO","regional",2
"RTO","reinstated",2
"RTO","relates",2
"RTO","remains",2
"RTO","remember",2
"RTO","reminder",2
"RTO","removed",2
"RTO","rent",2
"RTO","reported",2
"RTO","reporters",2
"RTO","republican",2
"RTO","require",2
"RTO","required",2
"RTO","requirements",2
"RTO","responsible",2
"RTO","restaurant",2
"RTO","results",2
"RTO","retention",2
"RTO","reuters",2
"RTO","revenge",2
"RTO","ridiculous",2
"RTO","rise",2
"RTO","rising",2
"RTO","roberts",2
"RTO","rocks",2
"RTO","rockstar",2
"RTO","rollout",2
"RTO","rules",2
"RTO","russia",2
"RTO","salary",2
"RTO","sam",2
"RTO","sandwich",2
"RTO","sapir",2
"RTO","satire",2
"RTO","save",2
"RTO","school",2
"RTO","scott",2
"RTO","search",2
"RTO","secretary",2
"RTO","secretly",2
"RTO","sector",2
"RTO","seeker",2
"RTO","sell",2
"RTO","semi",2
"RTO","senate",2
"RTO","senators",2
"RTO","senior",2
"RTO","serfing",2
"RTO","served",2
"RTO","services",2
"RTO","severance",2
"RTO","shopping",2
"RTO","shut",2
"RTO","sick",2
"RTO","site",2
"RTO","source",2
"RTO","spaces",2
"RTO","spallumcheen",2
"RTO","special",2
"RTO","spot",2
"RTO","square",2
"RTO","staffers",2
"RTO","stan",2
"RTO","standard",2
"RTO","standing",2
"RTO","staying",2
"RTO","steve",2
"RTO","stopped",2
"RTO","story",2
"RTO","strike",2
"RTO","strong",2
"RTO","studying",2
"RTO","sue",2
"RTO","super",2
"RTO","supplies",2
"RTO","supporters",2
"RTO","supremacist",2
"RTO","surprised",2
"RTO","sutcliffe",2
"RTO","synergy",2
"RTO","target",2
"RTO","technology",2
"RTO","telegraph",2
"RTO","tend",2
"RTO","tennessee",2
"RTO","terre",2
"RTO","test",2
"RTO","threat",2
"RTO","thursday",2
"RTO","times",2
"RTO","title",2
"RTO","tons",2
"RTO","total",2
"RTO","totally",2
"RTO","tourism",2
"RTO","track",2
"RTO","trading",2
"RTO","trip",2
"RTO","type",2
"RTO","ukraine",2
"RTO","unable",2
"RTO","unfair",2
"RTO","unnecessary",2
"RTO","van",2
"RTO","voor",2
"RTO","voters",2
"RTO","wasteful",2
"RTO","weeks",2
"RTO","wondering",2
"RTO","words",2
"RTO","workforce",2
"RTO","workplace",2
"RTO","wrote",2
"RTO","zijn",2
"WFH","ability",2
"WFH","accessing",2
"WFH","account",2
"WFH","adding",2
"WFH","adoption",2
"WFH","agree",2
"WFH","ah",2
"WFH","air",2
"WFH","airlines",2
"WFH","allowed",2
"WFH","amid",2
"WFH","amount",2
"WFH","analysis",2
"WFH","animation",2
"WFH","app",2
"WFH","art",2
"WFH","ass",2
"WFH","attention",2
"WFH","audiobook",2
"WFH","average",2
"WFH","awesome",2
"WFH","bag",2
"WFH","balance",2
"WFH","bed",2
"WFH","biggest",2
"WFH","bike",2
"WFH","bio",2
"WFH","bit",2
"WFH","blizzard",2
"WFH","blood",2
"WFH","bluesky",2
"WFH","boards",2
"WFH","boom",2
"WFH","boss",2
"WFH","boundaries",2
"WFH","brick",2
"WFH","built",2
"WFH","bullshit",2
"WFH","burnout",2
"WFH","ca",2
"WFH","california",2
"WFH","calm",2
"WFH","canadian",2
"WFH","cap",2
"WFH","capable",2
"WFH","capture",2
"WFH","challenges",2
"WFH","chance",2
"WFH","cheaper",2
"WFH","checked",2
"WFH","chicago",2
"WFH","chosen",2
"WFH","circles",2
"WFH","clandestinely",2
"WFH","closer",2
"WFH","closes",2
"WFH","col",2
"WFH","commitments",2
"WFH","commute",2
"WFH","commuter",2
"WFH","complete",2
"WFH","completely",2
"WFH","concern",2
"WFH","confirm",2
"WFH","connect",2
"WFH","conservation",2
"WFH","consistent",2
"WFH","consumption",2
"WFH","continued",2
"WFH","conversation",2
"WFH","crisis",2
"WFH","currency",2
"WFH","cut",2
"WFH","cuts",2
"WFH","cycling",2
"WFH","danger",2
"WFH","decade",2
"WFH","decent",2
"WFH","decisions",2
"WFH","deep",2
"WFH","dei",2
"WFH","depressed",2
"WFH","desperately",2
"WFH","dev",2
"WFH","difficult",2
"WFH","disability",2
"WFH","discover",2
"WFH","dm",2
"WFH","doctor",2
"WFH","domicile",2
"WFH","dozens",2
"WFH","drink",2
"WFH","duplicate",2
"WFH","ease",2
"WFH","effects",2
"WFH","eligibility",2
"WFH","encourage",2
"WFH","english",2
"WFH","era",2
"WFH","error",2
"WFH","ethos",2
"WFH","eviction",2
"WFH","existing",2
"WFH","expense",2
"WFH","expensive",2
"WFH","experienced",2
"WFH","explain",2
"WFH","fatigue",2
"WFH","federal",2
"WFH","fictional",2
"WFH","field",2
"WFH","firms",2
"WFH","follow",2
"WFH","football",2
"WFH","forced",2
"WFH","forcing",2
"WFH","forecasts",2
"WFH","forget",2
"WFH","friendly",2
"WFH","front",2
"WFH","future",2
"WFH","gamedev",2
"WFH","gift",2
"WFH","goodness",2
"WFH","guarantee",2
"WFH","half",2
"WFH","hamburg",2
"WFH","handle",2
"WFH","handled",2
"WFH","hard",2
"WFH","harder",2
"WFH","healthcare",2
"WFH","heart",2
"WFH","helped",2
"WFH","hired",2
"WFH","hit",2
"WFH","honestly",2
"WFH","hospital",2
"WFH","hot",2
"WFH","hr",2
"WFH","hrs",2
"WFH","hub",2
"WFH","huge",2
"WFH","hustles",2
"WFH","ice",2
"WFH","idea",2
"WFH","ignore",2
"WFH","imo",2
"WFH","implementing",2
"WFH","improve",2
"WFH","incarcerated",2
"WFH","including",2
"WFH","indoors",2
"WFH","industry",2
"WFH","infrastructure",2
"WFH","insurance",2
"WFH","intelligence",2
"WFH","interaction",2
"WFH","invoicing",2
"WFH","istanbul",2
"WFH","january",2
"WFH","japan",2
"WFH","kitchen",2
"WFH","la",2
"WFH","lay",2
"WFH","layoffs",2
"WFH","legitimate",2
"WFH","legitimately",2
"WFH","leverage",2
"WFH","link",2
"WFH","literally",2
"WFH","locktober",2
"WFH","lucky",2
"WFH","managed",2
"WFH","manager",2
"WFH","mandate",2
"WFH","mask",2
"WFH","mass",2
"WFH","minute",2
"WFH","mlms",2
"WFH","modern",2
"WFH","mountain",2
"WFH","moving",2
"WFH","nail",2
"WFH","nas",2
"WFH","netherlands",2
"WFH","networking",2
"WFH","nexus",2
"WFH","night",2
"WFH","noise",2
"WFH","normal",2
"WFH","north",2
"WFH","notes",2
"WFH","odd",2
"WFH","officially",2
"WFH","options",2
"WFH","org",2
"WFH","organizational",2
"WFH","packed",2
"WFH","parking",2
"WFH","parties",2
"WFH","partner",2
"WFH","partners",2
"WFH","paycom",2
"WFH","pays",2
"WFH","pcs",2
"WFH","permanent",2
"WFH","photo",2
"WFH","physical",2
"WFH","pig",2
"WFH","planet",2
"WFH","play",2
"WFH","playing",2
"WFH","possibly",2
"WFH","posted",2
"WFH","postings",2
"WFH","power",2
"WFH","practice",2
"WFH","pretend",2
"WFH","pretty",2
"WFH","primary",2
"WFH","private",2
"WFH","processing",2
"WFH","products",2
"WFH","professionals",2
"WFH","projects",2
"WFH","proof",2
"WFH","provide",2
"WFH","provisions",2
"WFH","push",2
"WFH","quality",2
"WFH","quiet",2
"WFH","reading",2
"WFH","reasons",2
"WFH","rebuilding",2
"WFH","recently",2
"WFH","recovery",2
"WFH","recruiting",2
"WFH","red",2
"WFH","reliable",2
"WFH","remember",2
"WFH","required",2
"WFH","requirements",2
"WFH","research",2
"WFH","reshaping",2
"WFH","resume",2
"WFH","returning",2
"WFH","rmap",2
"WFH","robot",2
"WFH","routine",2
"WFH","run",2
"WFH","runs",2
"WFH","sa",2
"WFH","sadly",2
"WFH","safely",2
"WFH","safer",2
"WFH","sale",2
"WFH","sanity",2
"WFH","saves",2
"WFH","scattered",2
"WFH","science",2
"WFH","screen",2
"WFH","searching",2
"WFH","seattle",2
"WFH","secret",2
"WFH","sense",2
"WFH","september",2
"WFH","session",2
"WFH","setting",2
"WFH","setup",2
"WFH","setups",2
"WFH","severely",2
"WFH","share",2
"WFH","significant",2
"WFH","significantly",2
"WFH","simply",2
"WFH","size",2
"WFH","skill",2
"WFH","skills",2
"WFH","smoke",2
"WFH","sold",2
"WFH","source",2
"WFH","space",2
"WFH","spaces",2
"WFH","speaking",2
"WFH","specific",2
"WFH","standard",2
"WFH","started",2
"WFH","starting",2
"WFH","startup",2
"WFH","static",2
"WFH","strikes",2
"WFH","strong",2
"WFH","structure",2
"WFH","subsidize",2
"WFH","super",2
"WFH","sync",2
"WFH","target",2
"WFH","tbh",2
"WFH","teach",2
"WFH","telling",2
"WFH","template",2
"WFH","terms",2
"WFH","texaslaw",2
"WFH","therapists",2
"WFH","thinking",2
"WFH","tiny",2
"WFH","tomorrow",2
"WFH","tools",2
"WFH","top",2
"WFH","total",2
"WFH","totally",2
"WFH","track",2
"WFH","transit",2
"WFH","true",2
"WFH","trump",2
"WFH","tv",2
"WFH","twente",2
"WFH","understanding",2
"WFH","unemployed",2
"WFH","unemployment",2
"WFH","union",2
"WFH","update",2
"WFH","vary",2
"WFH","victorian",2
"WFH","video",2
"WFH","visit",2
"WFH","volunteer",2
"WFH","walk",2
"WFH","wifi",2
"WFH","withholding",2
"WFH","woman",2
"WFH","workforce",2
"WFH","workfromhome",2
"WFH","worried",2
"WFH","wow",2
"WFH","zones",2
"WFH","zoom",2
"RTO","aangetoond",1
"RTO","abandon",1
"RTO","abandoned",1
"RTO","abetting",1
"RTO","abroad",1
"RTO","absentee",1
"RTO","absurdity",1
"RTO","abusive",1
"RTO","ac",1
"RTO","academic",1
"RTO","accelerated",1
"RTO","accelerating",1
"RTO","acceptable",1
"RTO","accepting",1
"RTO","accommodation",1
"RTO","accommodations",1
"RTO","account",1
"RTO","accountability",1
"RTO","accounting",1
"RTO","accounts",1
"RTO","acct",1
"RTO","accusation",1
"RTO","achievement",1
"RTO","acquire",1
"RTO","acronym",1
"RTO","act",1
"RTO","actionable",1
"RTO","activity",1
"RTO","actual",1
"RTO","ada",1
"RTO","adapt",1
"RTO","add",1
"RTO","adds",1
"RTO","adjacent",1
"RTO","admin",1
"RTO","ads",1
"RTO","advice",1
"RTO","affiliated",1
"RTO","afford",1
"RTO","afscme",1
"RTO","agenda",1
"RTO","agendas",1
"RTO","alaska",1
"RTO","albanesi",1
"RTO","alexpretti",1
"RTO","allowing",1
"RTO","alt",1
"RTO","altered",1
"RTO","alternative",1
"RTO","altijd",1
"RTO","amazon",1
"RTO","ambitions",1
"RTO","analyses",1
"RTO","analyzed",1
"RTO","anchored",1
"RTO","andrew",1
"RTO","anglais",1
"RTO","annoying",1
"RTO","annually",1
"RTO","answered",1
"RTO","anticipate",1
"RTO","antitrust",1
"RTO","anytime",1
"RTO","apocalypse",1
"RTO","apparent",1
"RTO","apparently",1
"RTO","appease",1
"RTO","applicants",1
"RTO","application",1
"RTO","approval",1
"RTO","arab",1
"RTO","araqchi",1
"RTO","arch",1
"RTO","arm",1
"RTO","army",1
"RTO","arrangements",1
"RTO","arrest",1
"RTO","arrested",1
"RTO","arrests",1
"RTO","arxiv",1
"RTO","asap",1
"RTO","assassination",1
"RTO","assemblies",1
"RTO","assigned",1
"RTO","association",1
"RTO","asymmetric",1
"RTO","attempting",1
"RTO","attract",1
"RTO","attribute",1
"RTO","authority",1
"RTO","autonomy",1
"RTO","average",1
"RTO","avoid",1
"RTO","aware",1
"RTO","aways",1
"RTO","awhile",1
"RTO","backfires",1
"RTO","backpacks",1
"RTO","bags",1
"RTO","bail",1
"RTO","ballots",1
"RTO","ballroom",1
"RTO","bank",1
"RTO","banking",1
"RTO","banuelos",1
"RTO","barcelona",1
"RTO","bargaining",1
"RTO","barred",1
"RTO","based",1
"RTO","basically",1
"RTO","battery",1
"RTO","bbcaq",1
"RTO","bear",1
"RTO","beating",1
"RTO","beats",1
"RTO","bedrijven",1
"RTO","bedroom",1
"RTO","begich",1
"RTO","behave",1
"RTO","behaviour",1
"RTO","beijing",1
"RTO","beliefs",1
"RTO","believes",1
"RTO","belt",1
"RTO","benefited",1
"RTO","bet",1
"RTO","betray",1
"RTO","bezigheids",1
"RTO","billing",1
"RTO","billionaire",1
"RTO","bio",1
"RTO","biology",1
"RTO","bipartisan",1
"RTO","birth",1
"RTO","bit",1
"RTO","bitches",1
"RTO","black",1
"RTO","blessed",1
"RTO","blistering",1
"RTO","blitz",1
"RTO","bloggins",1
"RTO","bloody",1
"RTO","bloom",1
"RTO","blow",1
"RTO","blues",1
"RTO","bluesky",1
"RTO","bnb",1
"RTO","boasted",1
"RTO","boat",1
"RTO","bollocks",1
"RTO","bonanza",1
"RTO","books",1
"RTO","boomer",1
"RTO","boon",1
"RTO","border",1
"RTO","bordercontrol",1
"RTO","borrowing",1
"RTO","bother",1
"RTO","bothers",1
"RTO","botswana",1
"RTO","bought",1
"RTO","bovenop",1
"RTO","bowl",1
"RTO","boy",1
"RTO","brace",1
"RTO","branded",1
"RTO","braunhemden",1
"RTO","break",1
"RTO","breakdown",1
"RTO","breakfast",1
"RTO","breath",1
"RTO","breathe",1
"RTO","breeds",1
"RTO","bring",1
"RTO","broader",1
"RTO","broke",1
"RTO","brother",1
"RTO","brought",1
"RTO","brutal",1
"RTO","budgeted",1
"RTO","buffalo",1
"RTO","bully",1
"RTO","burned",1
"RTO","burns",1
"RTO","bus",1
"RTO","bush",1
"RTO","busting",1
"RTO","buttress",1
"RTO","buyers",1
"RTO","buying",1
"RTO","buys",1
"RTO","cabin",1
"RTO","calculation",1
"RTO","calculations",1
"RTO","calculatuon",1
"RTO","calif",1
"RTO","california",1
"RTO","calling",1
"RTO","cameo",1
"RTO","campus",1
"RTO","cancel",1
"RTO","cancelled",1
"RTO","candidate",1
"RTO","candidates",1
"RTO","carbon",1
"RTO","card",1
"RTO","cards",1
"RTO","caregivers",1
"RTO","cares",1
"RTO","carpenters",1
"RTO","cars",1
"RTO","caselaw",1
"RTO","caused",1
"RTO","causing",1
"RTO","cdc",1
"RTO","cdnpoli",1
"RTO","centerpiece",1
"RTO","central",1
"RTO","centrebc",1
"RTO","cert",1
"RTO","chance",1
"RTO","changing",1
"RTO","chaos",1
"RTO","charged",1
"RTO","charges",1
"RTO","charter",1
"RTO","chasing",1
"RTO","cheat",1
"RTO","cherry",1
"RTO","china",1
"RTO","choice",1
"RTO","chopping",1
"RTO","chump",1
"RTO","circulating",1
"RTO","cissp",1
"RTO","citing",1
"RTO","citizens",1
"RTO","civic",1
"RTO","civilians",1
"RTO","claimed",1
"RTO","claiming",1
"RTO","clarify",1
"RTO","click",1
"RTO","climbing",1
"RTO","close",1
"RTO","closed",1
"RTO","cloths",1
"RTO","cohesion",1
"RTO","coincides",1
"RTO","cold",1
"RTO","colds",1
"RTO","collaborative",1
"RTO","collapsing",1
"RTO","colleague",1
"RTO","collecting",1
"RTO","column",1
"RTO","comment",1
"RTO","commentary",1
"RTO","communication",1
"RTO","commuting",1
"RTO","compared",1
"RTO","compensation",1
"RTO","compete",1
"RTO","competency",1
"RTO","competitive",1
"RTO","complaining",1
"RTO","complicit",1
"RTO","comprehend",1
"RTO","compulsory",1
"RTO","computer",1
"RTO","concentrationcamps",1
"RTO","concern",1
"RTO","concerns",1
"RTO","concha",1
"RTO","condemn",1
"RTO","conditions",1
"RTO","condo",1
"RTO","connected",1
"RTO","connection",1
"RTO","consequences",1
"RTO","conservation",1
"RTO","considered",1
"RTO","constitutional",1
"RTO","construction",1
"RTO","consultants",1
"RTO","consultation",1
"RTO","cont",1
"RTO","content",1
"RTO","context",1
"RTO","continues",1
"RTO","continuously",1
"RTO","contractor",1
"RTO","contributed",1
"RTO","contributor",1
"RTO","contributors",1
"RTO","controls",1
"RTO","controversial",1
"RTO","convention",1
"RTO","conversation",1
"RTO","conversations",1
"RTO","convicted",1
"RTO","convictions",1
"RTO","convinced",1
"RTO","coordinadora",1
"RTO","coordinating",1
"RTO","core",1
"RTO","corona",1
"RTO","corporation",1
"RTO","correlated",1
"RTO","correlation",1
"RTO","county",1
"RTO","couple",1
"RTO","courts",1
"RTO","cousin",1
"RTO","cover",1
"RTO","covered",1
"RTO","coworker",1
"RTO","coworkers",1
"RTO","crappy",1
"RTO","craving",1
"RTO","creates",1
"RTO","credential",1
"RTO","crime",1
"RTO","crimes",1
"RTO","criminal",1
"RTO","crowded",1
"RTO","crpd",1
"RTO","crypto",1
"RTO","csv",1
"RTO","curbing",1
"RTO","currentevents",1
"RTO","cursory",1
"RTO","customer",1
"RTO","customers",1
"RTO","customs",1
"RTO","cutting",1
"RTO","daar",1
"RTO","daily",1
"RTO","damned",1
"RTO","dampen",1
"RTO","dan",1
"RTO","dashed",1
"RTO","datasets",1
"RTO","date",1
"RTO","dear",1
"RTO","deaths",1
"RTO","debate",1
"RTO","debt",1
"RTO","decent",1
"RTO","decided",1
"RTO","declines",1
"RTO","deemed",1
"RTO","deep",1
"RTO","deepdive",1
"RTO","deeper",1
"RTO","defendants",1
"RTO","defrauding",1
"RTO","defunct",1
"RTO","dehumanizing",1
"RTO","dei",1
"RTO","del",1
"RTO","delaware",1
"RTO","delivered",1
"RTO","democracy",1
"RTO","demonized",1
"RTO","demonstrated",1
"RTO","denial",1
"RTO","department",1
"RTO","depends",1
"RTO","depicts",1
"RTO","deportation",1
"RTO","deports",1
"RTO","deputy",1
"RTO","desperate",1
"RTO","destroy",1
"RTO","destroyed",1
"RTO","destruction",1
"RTO","detained",1
"RTO","detrimental",1
"RTO","developers",1
"RTO","development",1
"RTO","developments",1
"RTO","devoid",1
"RTO","dfl",1
"RTO","diabolical",1
"RTO","diarrhea",1
"RTO","dickheads",1
"RTO","died",1
"RTO","dig",1
"RTO","dignity",1
"RTO","diminished",1
"RTO","dipshit",1
"RTO","direction",1
"RTO","directions",1
"RTO","dirt",1
"RTO","dirty",1
"RTO","disappearing",1
"RTO","disappointed",1
"RTO","disapprove",1
"RTO","disasters",1
"RTO","disclosures",1
"RTO","discontinued",1
"RTO","discovering",1
"RTO","discuss",1
"RTO","discusses",1
"RTO","discussions",1
"RTO","disease",1
"RTO","disengagement",1
"RTO","disinformation",1
"RTO","dismissed",1
"RTO","dispute",1
"RTO","distance",1
"RTO","distributed",1
"RTO","dive",1
"RTO","djt",1
"RTO","doen",1
"RTO","dogs",1
"RTO","dollars",1
"RTO","donor",1
"RTO","donors",1
"RTO","downtown",1
"RTO","dragging",1
"RTO","drain",1
"RTO","drama",1
"RTO","drawing",1
"RTO","dressed",1
"RTO","drew",1
"RTO","drinks",1
"RTO","driver",1
"RTO","dropping",1
"RTO","drug",1
"RTO","drumpf",1
"RTO","dump",1
"RTO","duties",1
"RTO","dynamics",1
"RTO","dystopian",1
"RTO","eared",1
"RTO","earned",1
"RTO","easily",1
"RTO","eating",1
"RTO","economic",1
"RTO","economist",1
"RTO","econsky",1
"RTO","ed",1
"RTO","edited",1
"RTO","eens",1
"RTO","eeo",1
"RTO","effect",1
"RTO","effectively",1
"RTO","effort",1
"RTO","elected",1
"RTO","elections",1
"RTO","emanating",1
"RTO","embrace",1
"RTO","emerged",1
"RTO","emissions",1
"RTO","emphasis",1
"RTO","emphasized",1
"RTO","empire",1
"RTO","employment",1
"RTO","emptied",1
"RTO","empty",1
"RTO","endorsing",1
"RTO","endpoints",1
"RTO","enforces",1
"RTO","engagements",1
"RTO","enjoy",1
"RTO","enrage",1
"RTO","enrichment",1
"RTO","enter",1
"RTO","enthusiastic",1
"RTO","entice",1
"RTO","entire",1
"RTO","environment",1
"RTO","eo",1
"RTO","epa",1
"RTO","epidemiologists",1
"RTO","equity",1
"RTO","equivalent",1
"RTO","er",1
"RTO","era",1
"RTO","ergot",1
"RTO","erosion",1
"RTO","errands",1
"RTO","ers",1
"RTO","escalate",1
"RTO","estimates",1
"RTO","ethic",1
"RTO","ethics",1
"RTO","eu",1
"RTO","europe",1
"RTO","european",1
"RTO","examine",1
"RTO","examples",1
"RTO","excellent",1
"RTO","exchange",1
"RTO","exclusively",1
"RTO","execs",1
"RTO","executed",1
"RTO","executives",1
"RTO","exemption",1
"RTO","exercise",1
"RTO","expanded",1
"RTO","expect",1
"RTO","expects",1
"RTO","expenses",1
"RTO","experienced",1
"RTO","expired",1
"RTO","explain",1
"RTO","explaining",1
"RTO","explicit",1
"RTO","exploding",1
"RTO","exploiting",1
"RTO","explore",1
"RTO","expressed",1
"RTO","extra",1
"RTO","extraordinarily",1
"RTO","extreme",1
"RTO","extremely",1
"RTO","factor",1
"RTO","factors",1
"RTO","fading",1
"RTO","failure",1
"RTO","fall",1
"RTO","fallen",1
"RTO","falling",1
"RTO","fallout",1
"RTO","falls",1
"RTO","families",1
"RTO","fancy",1
"RTO","fantasy",1
"RTO","farther",1
"RTO","fashion",1
"RTO","faux",1
"RTO","fcc",1
"RTO","fda",1
"RTO","feasible",1
"RTO","feature",1
"RTO","fed",1
"RTO","feds",1
"RTO","feelings",1
"RTO","feels",1
"RTO","felon",1
"RTO","ferrari",1
"RTO","fetish",1
"RTO","field",1
"RTO","fifty",1
"RTO","filmed",1
"RTO","filthy",1
"RTO","financial",1
"RTO","fine",1
"RTO","fines",1
"RTO","finest",1
"RTO","firings",1
"RTO","fish",1
"RTO","fits",1
"RTO","fix",1
"RTO","flag",1
"RTO","flatten",1
"RTO","flirt",1
"RTO","flooded",1
"RTO","flooding",1
"RTO","floors",1
"RTO","flow",1
"RTO","fmla",1
"RTO","focus",1
"RTO","follow",1
"RTO","foolish",1
"RTO","foothold",1
"RTO","forcing",1
"RTO","foreign",1
"RTO","forever",1
"RTO","forthcoming",1
"RTO","fortunately",1
"RTO","fossil",1
"RTO","fountains",1
"RTO","fox",1
"RTO","foxnews",1
"RTO","fragmented",1
"RTO","france",1
"RTO","fraud",1
"RTO","freak",1
"RTO","freeze",1
"RTO","french",1
"RTO","frenzy",1
"RTO","fresh",1
"RTO","friday",1
"RTO","fridays",1
"RTO","fro",1
"RTO","fu",1
"RTO","fucked",1
"RTO","fueled",1
"RTO","fun",1
"RTO","fund",1
"RTO","fundamental",1
"RTO","funds",1
"RTO","ga",1
"RTO","galaxies",1
"RTO","garbage",1
"RTO","garden",1
"RTO","garland",1
"RTO","gasket",1
"RTO","gay",1
"RTO","gaza",1
"RTO","gee",1
"RTO","geen",1
"RTO","gehoopt",1
"RTO","gemiddelde",1
"RTO","gen",1
"RTO","generate",1
"RTO","generations",1
"RTO","genocide",1
"RTO","georgefloyd",1
"RTO","gestapo",1
"RTO","getter",1
"RTO","gewoon",1
"RTO","giant",1
"RTO","gilding",1
"RTO","glance",1
"RTO","goals",1
"RTO","golden",1
"RTO","gonna",1
"RTO","google",1
"RTO","gooit",1
"RTO","gorsica",1
"RTO","gotta",1
"RTO","gouvernement",1
"RTO","govern",1
"RTO","governor",1
"RTO","grabbing",1
"RTO","grade",1
"RTO","grasp",1
"RTO","grave",1
"RTO","greed",1
"RTO","green",1
"RTO","gridlocked",1
"RTO","grift",1
"RTO","grossly",1
"RTO","ground",1
"RTO","grown",1
"RTO","growth",1
"RTO","grueling",1
"RTO","grunt",1
"RTO","gta",1
"RTO","guardians",1
"RTO","guessing",1
"RTO","gulf",1
"RTO","gunsilius",1
"RTO","gunter",1
"RTO","guys",1
"RTO","hahahaha",1
"RTO","halve",1
"RTO","hand",1
"RTO","handmade",1
"RTO","hands",1
"RTO","happen",1
"RTO","happening",1
"RTO","harris",1
"RTO","harshly",1
"RTO","hate",1
"RTO","hated",1
"RTO","hater",1
"RTO","hates",1
"RTO","head",1
"RTO","headed",1
"RTO","headline",1
"RTO","heard",1
"RTO","hearing",1
"RTO","hebben",1
"RTO","height",1
"RTO","helemaal",1
"RTO","helping",1
"RTO","hemisphere",1
"RTO","hesitancy",1
"RTO","het",1
"RTO","highlights",1
"RTO","highway",1
"RTO","hill",1
"RTO","hint",1
"RTO","history",1
"RTO","hit",1
"RTO","hits",1
"RTO","holdings",1
"RTO","hollowing",1
"RTO","homelessness",1
"RTO","homeowners",1
"RTO","honestly",1
"RTO","hoo",1
"RTO","hormuz",1
"RTO","horrible",1
"RTO","hospitality",1
"RTO","hospitalization",1
"RTO","host",1
"RTO","hot",1
"RTO","hour",1
"RTO","houston",1
"RTO","hr",1
"RTO","hubs",1
"RTO","huffpost",1
"RTO","huge",1
"RTO","humans",1
"RTO","hun",1
"RTO","hurt",1
"RTO","hvac",1
"RTO","hyperfixate",1
"RTO","hypocrites",1
"RTO","icebreakers",1
"RTO","idee",1
"RTO","idiote",1
"RTO","ignore",1
"RTO","iii",1
"RTO","ik",1
"RTO","ilk",1
"RTO","illinois",1
"RTO","illness",1
"RTO","immediately",1
"RTO","immigrants",1
"RTO","immigrationpolicy",1
"RTO","impacts",1
"RTO","impartial",1
"RTO","impeached",1
"RTO","implies",1
"RTO","improvement",1
"RTO","inbound",1
"RTO","inbox",1
"RTO","incarcerated",1
"RTO","incentive",1
"RTO","included",1
"RTO","incompetence",1
"RTO","inconvenient",1
"RTO","incorporation",1
"RTO","increased",1
"RTO","increasing",1
"RTO","incriminating",1
"RTO","incumbents",1
"RTO","index",1
"RTO","indication",1
"RTO","indictable",1
"RTO","individual",1
"RTO","inducement",1
"RTO","ineligible",1
"RTO","infectious",1
"RTO","inferred",1
"RTO","inflation",1
"RTO","inflection",1
"RTO","inflexibility",1
"RTO","inflict",1
"RTO","influence",1
"RTO","infographic",1
"RTO","information",1
"RTO","infrastructure",1
"RTO","initials",1
"RTO","innovation",1
"RTO","innovative",1
"RTO","insanely",1
"RTO","insecure",1
"RTO","insisted",1
"RTO","installation",1
"RTO","installed",1
"RTO","institutional",1
"RTO","instrument",1
"RTO","insurance",1
"RTO","insurrectionary",1
"RTO","integrity",1
"RTO","intended",1
"RTO","intensified",1
"RTO","intensity",1
"RTO","interference",1
"RTO","interrupt",1
"RTO","interviews",1
"RTO","inventory",1
"RTO","invest",1
"RTO","involving",1
"RTO","iokiyar",1
"RTO","iranwar",1
"RTO","israel",1
"RTO","issue",1
"RTO","items",1
"RTO","jacob",1
"RTO","jdvance",1
"RTO","jennings",1
"RTO","jerk",1
"RTO","joe",1
"RTO","john",1
"RTO","johnroberts",1
"RTO","joining",1
"RTO","joyce",1
"RTO","judge",1
"RTO","judges",1
"RTO","jurisdictions",1
"RTO","justification",1
"RTO","justified",1
"RTO","kan",1
"RTO","kanata",1
"RTO","kantoor",1
"RTO","kao",1
"RTO","kashpatel",1
"RTO","kastle",1
"RTO","keeping",1
"RTO","key",1
"RTO","keystroke",1
"RTO","kid",1
"RTO","killed",1
"RTO","kiss",1
"RTO","kpi",1
"RTO","kushner",1
"RTO","labour",1
"RTO","lafayette",1
"RTO","laid",1
"RTO","lamb",1
"RTO","landing",1
"RTO","lanes",1
"RTO","larger",1
"RTO","largest",1
"RTO","late",1
"RTO","laundering",1
"RTO","lawenforcement",1
"RTO","laws",1
"RTO","lawyer",1
"RTO","lawyers",1
"RTO","lay",1
"RTO","laying",1
"RTO","layoff",1
"RTO","lead",1
"RTO","leader",1
"RTO","leading",1
"RTO","leads",1
"RTO","leaking",1
"RTO","leaned",1
"RTO","learned",1
"RTO","leasing",1
"RTO","leaves",1
"RTO","legislation",1
"RTO","legitimacy",1
"RTO","leiper",1
"RTO","letting",1
"RTO","levers",1
"RTO","liar",1
"RTO","liberals",1
"RTO","lieten",1
"RTO","light",1
"RTO","lights",1
"RTO","line",1
"RTO","link",1
"RTO","listen",1
"RTO","literature",1
"RTO","lives",1
"RTO","livid",1
"RTO","llm",1
"RTO","llms",1
"RTO","lobbying",1
"RTO","located",1
"RTO","location",1
"RTO","locations",1
"RTO","lock",1
"RTO","logged",1
"RTO","logic",1
"RTO","lololol",1
"RTO","looms",1
"RTO","lose",1
"RTO","losers",1
"RTO","losing",1
"RTO","love",1
"RTO","lovingly",1
"RTO","low",1
"RTO","lrt",1
"RTO","luck",1
"RTO","lunch",1
"RTO","lunsumio",1
"RTO","lymphoma",1
"RTO","maaan",1
"RTO","majorly",1
"RTO","male",1
"RTO","malevolent",1
"RTO","manager",1
"RTO","mandaat",1
"RTO","mandated",1
"RTO","mandating",1
"RTO","manipulates",1
"RTO","manipulation",1
"RTO","manual",1
"RTO","march",1
"RTO","marcorubio",1
"RTO","marketing",1
"RTO","markwaynemullin",1
"RTO","marred",1
"RTO","martin",1
"RTO","masking",1
"RTO","massive",1
"RTO","masturbatory",1
"RTO","material",1
"RTO","matthew",1
"RTO","maximizes",1
"RTO","mayo",1
"RTO","mayoral",1
"RTO","measles",1
"RTO","measures",1
"RTO","mechanism",1
"RTO","medical",1
"RTO","meet",1
"RTO","meetings",1
"RTO","meinkampf",1
"RTO","melt",1
"RTO","memes",1
"RTO","mensen",1
"RTO","mental",1
"RTO","mess",1
"RTO","messgae",1
"RTO","meta",1
"RTO","mfg",1
"RTO","microwaved",1
"RTO","midweek",1
"RTO","migration",1
"RTO","mikejohnson",1
"RTO","mile",1
"RTO","millions",1
"RTO","minder",1
"RTO","minions",1
"RTO","minister",1
"RTO","minutes",1
"RTO","miscarried",1
"RTO","missing",1
"RTO","mistakes",1
"RTO","mistreating",1
"RTO","models",1
"RTO","module",1
"RTO","moet",1
"RTO","moment",1
"RTO","mondays",1
"RTO","mondo",1
"RTO","monitoring",1
"RTO","monthly",1
"RTO","moral",1
"RTO","moroccan",1
"RTO","mortgage",1
"RTO","motivated",1
"RTO","mourning",1
"RTO","mouse",1
"RTO","moved",1
"RTO","moving",1
"RTO","mp",1
"RTO","multnomah",1
"RTO","mundane",1
"RTO","municipal",1
"RTO","muppet",1
"RTO","music",1
"RTO","musings",1
"RTO","myths",1
"RTO","nationalsecurity",1
"RTO","nations",1
"RTO","nature",1
"RTO","nausea",1
"RTO","navy",1
"RTO","nazi",1
"RTO","nazism",1
"RTO","necessarily",1
"RTO","negotiate",1
"RTO","negotiating",1
"RTO","negotiations",1
"RTO","neo",1
"RTO","nerds",1
"RTO","net",1
"RTO","network",1
"RTO","neutral",1
"RTO","newsletter",1
"RTO","newstream",1
"RTO","nick",1
"RTO","nickname",1
"RTO","niet",1
"RTO","niks",1
"RTO","nix",1
"RTO","nj",1
"RTO","nog",1
"RTO","nomination",1
"RTO","nonpartisan",1
"RTO","nonsense",1
"RTO","normal",1
"RTO","normalise",1
"RTO","notes",1
"RTO","noticeably",1
"RTO","november",1
"RTO","npcs",1
"RTO","nutteloze",1
"RTO","obama",1
"RTO","objecting",1
"RTO","objectives",1
"RTO","obligation",1
"RTO","obligations",1
"RTO","obsessed",1
"RTO","obvious",1
"RTO","occupational",1
"RTO","odious",1
"RTO","offenses",1
"RTO","offered",1
"RTO","officemythology",1
"RTO","offices",1
"RTO","official",1
"RTO","offset",1
"RTO","oligarch",1
"RTO","oligarchs",1
"RTO","onbegrijpelijk",1
"RTO","onset",1
"RTO","ook",1
"RTO","ooooh",1
"RTO","op",1
"RTO","opinions",1
"RTO","opposed",1
"RTO","opposite",1
"RTO","options",1
"RTO","orange",1
"RTO","oregon",1
"RTO","organizational",1
"RTO","ottcity",1
"RTO","ottnews",1
"RTO","outbound",1
"RTO","outlays",1
"RTO","output",1
"RTO","outrage",1
"RTO","outreach",1
"RTO","overlaps",1
"RTO","overtly",1
"RTO","overturned",1
"RTO","overview",1
"RTO","overworked",1
"RTO","oxytocin",1
"RTO","pacer",1
"RTO","packed",1
"RTO","pain",1
"RTO","painting",1
"RTO","panama",1
"RTO","panics",1
"RTO","paragraph",1
"RTO","paramount",1
"RTO","parks",1
"RTO","party",1
"RTO","passed",1
"RTO","path",1
"RTO","pattern",1
"RTO","payouts",1
"RTO","pdx",1
"RTO","peasy",1
"RTO","pedophileprotectors",1
"RTO","pedophiles",1
"RTO","penn",1
"RTO","pennsylvania",1
"RTO","peoples",1
"RTO","percent",1
"RTO","perception",1
"RTO","perfect",1
"RTO","perform",1
"RTO","perk",1
"RTO","permanent",1
"RTO","permanently",1
"RTO","perpetrators",1
"RTO","personal",1
"RTO","pete",1
"RTO","phase",1
"RTO","phil",1
"RTO","philosophical",1
"RTO","phone",1
"RTO","phrases",1
"RTO","physical",1
"RTO","pink",1
"RTO","pitch",1
"RTO","pittsburgh",1
"RTO","placing",1
"RTO","planning",1
"RTO","pleased",1
"RTO","plug",1
"RTO","pocketing",1
"RTO","poison",1
"RTO","poisoning",1
"RTO","pokemon",1
"RTO","police",1
"RTO","politicalsatire",1
"RTO","politicians",1
"RTO","politics",1
"RTO","pollution",1
"RTO","pool",1
"RTO","poorly",1
"RTO","portland",1
"RTO","pos",1
"RTO","position",1
"RTO","possibility",1
"RTO","potential",1
"RTO","potus",1
"RTO","pour",1
"RTO","powers",1
"RTO","ppl",1
"RTO","practical",1
"RTO","praise",1
"RTO","predicted",1
"RTO","predictor",1
"RTO","preferences",1
"RTO","premier",1
"RTO","prepared",1
"RTO","preparing",1
"RTO","pres",1
"RTO","presence",1
"RTO","presidential",1
"RTO","pretending",1
"RTO","prez",1
"RTO","prices",1
"RTO","pricey",1
"RTO","pricing",1
"RTO","prima",1
"RTO","primarily",1
"RTO","private",1
"RTO","pro",1
"RTO","probe",1
"RTO","probleem",1
"RTO","processes",1
"RTO","productief",1
"RTO","production",1
"RTO","productive",1
"RTO","professional",1
"RTO","profit",1
"RTO","profiteering",1
"RTO","profits",1
"RTO","progress",1
"RTO","progressive",1
"RTO","projected",1
"RTO","projects",1
"RTO","propaganda",1
"RTO","propublica",1
"RTO","prospects",1
"RTO","protect",1
"RTO","protections",1
"RTO","protesters",1
"RTO","protocols",1
"RTO","proved",1
"RTO","provide",1
"RTO","provincial",1
"RTO","proxy",1
"RTO","psychopathic",1
"RTO","publicsafety",1
"RTO","punchline",1
"RTO","punish",1
"RTO","punitive",1
"RTO","purged",1
"RTO","pustule",1
"RTO","putin",1
"RTO","quality",1
"RTO","quarter",1
"RTO","question",1
"RTO","questions",1
"RTO","quietly",1
"RTO","quit",1
"RTO","quoted",1
"RTO","ra",1
"RTO","radical",1
"RTO","rage",1
"RTO","raids",1
"RTO","raised",1
"RTO","raises",1
"RTO","random",1
"RTO","ranked",1
"RTO","ranks",1
"RTO","rare",1
"RTO","rarely",1
"RTO","rationale",1
"RTO","raw",1
"RTO","reading",1
"RTO","ready",1
"RTO","reality",1
"RTO","reallocated",1
"RTO","reasons",1
"RTO","reattach",1
"RTO","rebel",1
"RTO","rebellion",1
"RTO","recall",1
"RTO","recap",1
"RTO","reconfigure",1
"RTO","recovering",1
"RTO","recovery",1
"RTO","reframed",1
"RTO","refused",1
"RTO","refuses",1
"RTO","regain",1
"RTO","region",1
"RTO","regulate",1
"RTO","regulatory",1
"RTO","reject",1
"RTO","rejected",1
"RTO","rejecting",1
"RTO","related",1
"RTO","released",1
"RTO","relevant",1
"RTO","remained",1
"RTO","remind",1
"RTO","reminds",1
"RTO","remoteprivilege",1
"RTO","remotework",1
"RTO","reneegood",1
"RTO","repeat",1
"RTO","repellent",1
"RTO","repercussions",1
"RTO","reports",1
"RTO","representatives",1
"RTO","representing",1
"RTO","requesting",1
"RTO","requests",1
"RTO","requires",1
"RTO","requiring",1
"RTO","rescinded",1
"RTO","research",1
"RTO","researcher",1
"RTO","reset",1
"RTO","residents",1
"RTO","resolved",1
"RTO","resources",1
"RTO","respond",1
"RTO","resume",1
"RTO","retain",1
"RTO","rethinking",1
"RTO","retiring",1
"RTO","retour",1
"RTO","returning",1
"RTO","returntooffice",1
"RTO","review",1
"RTO","revolt",1
"RTO","rich",1
"RTO","rider",1
"RTO","ridership",1
"RTO","rieger",1
"RTO","rightwing",1
"RTO","risk",1
"RTO","road",1
"RTO","roadway",1
"RTO","roche",1
"RTO","rochester",1
"RTO","role",1
"RTO","roll",1
"RTO","rolling",1
"RTO","roughly",1
"RTO","rounds",1
"RTO","rows",1
"RTO","rsf",1
"RTO","runs",1
"RTO","rush",1
"RTO","russian",1
"RTO","russiaukrainewar",1
"RTO","sabbatical",1
"RTO","sacramento",1
"RTO","sad",1
"RTO","salaries",1
"RTO","sat",1
"RTO","satirical",1
"RTO","saving",1
"RTO","scared",1
"RTO","schedule",1
"RTO","schumer",1
"RTO","science",1
"RTO","scientific",1
"RTO","scientists",1
"RTO","scope",1
"RTO","score",1
"RTO","scotland",1
"RTO","scots",1
"RTO","scotus",1
"RTO","scramble",1
"RTO","scrap",1
"RTO","scratches",1
"RTO","screwed",1
"RTO","sculpture",1
"RTO","sdsl",1
"RTO","seasonal",1
"RTO","secrets",1
"RTO","security",1
"RTO","seeking",1
"RTO","seeks",1
"RTO","seltzers",1
"RTO","serendipity",1
"RTO","servants",1
"RTO","serve",1
"RTO","sesame",1
"RTO","sex",1
"RTO","sheriffs",1
"RTO","shifting",1
"RTO","ship",1
"RTO","shipping",1
"RTO","shortly",1
"RTO","shrug",1
"RTO","sidelines",1
"RTO","signal",1
"RTO","silence",1
"RTO","similar",1
"RTO","similarly",1
"RTO","simply",1
"RTO","sindical",1
"RTO","singled",1
"RTO","sink",1
"RTO","situations",1
"RTO","size",1
"RTO","sized",1
"RTO","skyrocketing",1
"RTO","slack",1
"RTO","sleep",1
"RTO","slew",1
"RTO","slimy",1
"RTO","slip",1
"RTO","slowed",1
"RTO","slowly",1
"RTO","smart",1
"RTO","smartkeys",1
"RTO","smartnews",1
"RTO","smiles",1
"RTO","sniff",1
"RTO","soboroff",1
"RTO","societal",1
"RTO","soft",1
"RTO","solid",1
"RTO","solutions",1
"RTO","soul",1
"RTO","sound",1
"RTO","sources",1
"RTO","south",1
"RTO","spanish",1
"RTO","sparks",1
"RTO","speak",1
"RTO","speakeasy",1
"RTO","speaking",1
"RTO","specifically",1
"RTO","spent",1
"RTO","spike",1
"RTO","splash",1
"RTO","split",1
"RTO","spoken",1
"RTO","spotless",1
"RTO","spread",1
"RTO","spreadsheet",1
"RTO","squashing",1
"RTO","stable",1
"RTO","standwithukraine",1
"RTO","stanford",1
"RTO","stare",1
"RTO","statecraft",1
"RTO","statements",1
"RTO","statistics",1
"RTO","stats",1
"RTO","statues",1
"RTO","stays",1
"RTO","stealing",1
"RTO","stefania",1
"RTO","stephenmiller",1
"RTO","stepping",1
"RTO","straight",1
"RTO","strait",1
"RTO","strange",1
"RTO","strangers",1
"RTO","strategies",1
"RTO","strategy",1
"RTO","street",1
"RTO","stress",1
"RTO","stretching",1
"RTO","strikes",1
"RTO","strongly",1
"RTO","strung",1
"RTO","stuck",1
"RTO","sturmabteilung",1
"RTO","suboptimal",1
"RTO","subscribe",1
"RTO","subscription",1
"RTO","subsequent",1
"RTO","substack",1
"RTO","substitute",1
"RTO","suffering",1
"RTO","suggesting",1
"RTO","suggestion",1
"RTO","sullivan",1
"RTO","summer",1
"RTO","summon",1
"RTO","sunchips",1
"RTO","superyacht",1
"RTO","supported",1
"RTO","supposedly",1
"RTO","supremacists",1
"RTO","supremecourt",1
"RTO","surely",1
"RTO","surface",1
"RTO","surged",1
"RTO","surpassing",1
"RTO","surrendered",1
"RTO","survey",1
"RTO","suspected",1
"RTO","swaa",1
"RTO","swath",1
"RTO","swept",1
"RTO","swipes",1
"RTO","sycophantic",1
"RTO","syracuse",1
"RTO","system",1
"RTO","table",1
"RTO","tactic",1
"RTO","talk",1
"RTO","talking",1
"RTO","talks",1
"RTO","tand",1
"RTO","tax",1
"RTO","taxes",1
"RTO","tbh",1
"RTO","te",1
"RTO","teach",1
"RTO","teams",1
"RTO","techdirt",1
"RTO","technically",1
"RTO","telecommunications",1
"RTO","temporary",1
"RTO","terms",1
"RTO","terrible",1
"RTO","terrorism",1
"RTO","terrorists",1
"RTO","terugkwamen",1
"RTO","texas",1
"RTO","text",1
"RTO","therapie",1
"RTO","therapy",1
"RTO","thikn",1
"RTO","thin",1
"RTO","threaten",1
"RTO","threatened",1
"RTO","threatening",1
"RTO","threats",1
"RTO","thug",1
"RTO","thuis",1
"RTO","thuiswerken",1
"RTO","ties",1
"RTO","tim",1
"RTO","timeline",1
"RTO","timing",1
"RTO","tiny",1
"RTO","toddblanche",1
"RTO","toilet",1
"RTO","tolerable",1
"RTO","toll",1
"RTO","ton",1
"RTO","tool",1
"RTO","topic",1
"RTO","totaling",1
"RTO","toting",1
"RTO","touch",1
"RTO","tough",1
"RTO","toxic",1
"RTO","tracks",1
"RTO","traditionalists",1
"RTO","traditionally",1
"RTO","trafficking",1
"RTO","training",1
"RTO","trains",1
"RTO","trans",1
"RTO","transparently",1
"RTO","treason",1
"RTO","trees",1
"RTO","trial",1
"RTO","trillion",1
"RTO","trips",1
"RTO","troll",1
"RTO","trumpadministration",1
"RTO","trust",1
"RTO","truth",1
"RTO","uber",1
"RTO","ubisoft",1
"RTO","ugly",1
"RTO","ukrainian",1
"RTO","ummm",1
"RTO","unavailable",1
"RTO","unbundled",1
"RTO","unchanged",1
"RTO","unclassified",1
"RTO","uncover",1
"RTO","undergo",1
"RTO","understaffed",1
"RTO","understand",1
"RTO","unit",1
"RTO","university",1
"RTO","unlocks",1
"RTO","unreliable",1
"RTO","unworkable",1
"RTO","update",1
"RTO","urgency",1
"RTO","usa",1
"RTO","usandgermany",1
"RTO","va",1
"RTO","vacation",1
"RTO","vaccine",1
"RTO","values",1
"RTO","vance",1
"RTO","vanity",1
"RTO","vault",1
"RTO","vehicle",1
"RTO","vermont",1
"RTO","vertical",1
"RTO","vessels",1
"RTO","vetoed",1
"RTO","vetoes",1
"RTO","vetos",1
"RTO","vibes",1
"RTO","victims",1
"RTO","videojuego",1
"RTO","view",1
"RTO","views",1
"RTO","violating",1
"RTO","violation",1
"RTO","violence",1
"RTO","violent",1
"RTO","virus",1
"RTO","visit",1
"RTO","visitors",1
"RTO","visualizes",1
"RTO","voice",1
"RTO","volvo",1
"RTO","voted",1
"RTO","votes",1
"RTO","vulnerable",1
"RTO","wall",1
"RTO","waned",1
"RTO","wanneer",1
"RTO","warnings",1
"RTO","warns",1
"RTO","warrior",1
"RTO","waste",1
"RTO","wasted",1
"RTO","watched",1
"RTO","water",1
"RTO","wealth",1
"RTO","weaver",1
"RTO","weed",1
"RTO","weekend",1
"RTO","weeknight",1
"RTO","weird",1
"RTO","werken",1
"RTO","werkgever",1
"RTO","werknemers",1
"RTO","western",1
"RTO","whats",1
"RTO","whined",1
"RTO","whorf",1
"RTO","whorfism",1
"RTO","wide",1
"RTO","wild",1
"RTO","willinging",1
"RTO","wing",1
"RTO","wishful",1
"RTO","wishing",1
"RTO","witkoff",1
"RTO","wk",1
"RTO","woman",1
"RTO","won",1
"RTO","woods",1
"RTO","workaholics",1
"RTO","workplaces",1
"RTO","worry",1
"RTO","worst",1
"RTO","wrecking",1
"RTO","wrest",1
"RTO","wright",1
"RTO","write",1
"RTO","writing",1
"RTO","written",1
"RTO","yacht",1
"RTO","yard",1
"RTO","yesssss",1
"RTO","yo",1
"RTO","york",1
"RTO","ze",1
"WFH","abandoned",1
"WFH","abide",1
"WFH","absolutely",1
"WFH","absolutley",1
"WFH","abuse",1
"WFH","academia",1
"WFH","accelerates",1
"WFH","accept",1
"WFH","accepting",1
"WFH","accounts",1
"WFH","accreted",1
"WFH","acemagic",1
"WFH","acer",1
"WFH","achieve",1
"WFH","achievement",1
"WFH","acquisition",1
"WFH","actively",1
"WFH","activities",1
"WFH","actual",1
"WFH","add",1
"WFH","addition",1
"WFH","address",1
"WFH","adds",1
"WFH","admin",1
"WFH","admit",1
"WFH","adopt",1
"WFH","ads",1
"WFH","adulting",1
"WFH","adults",1
"WFH","adventure",1
"WFH","affiliatemarketing",1
"WFH","afternoon",1
"WFH","age",1
"WFH","agencies",1
"WFH","agent",1
"WFH","agentic",1
"WFH","aggressive",1
"WFH","ago",1
"WFH","agreement",1
"WFH","ahead",1
"WFH","ahh",1
"WFH","aid",1
"WFH","aitools",1
"WFH","ak",1
"WFH","al",1
"WFH","alerts",1
"WFH","algos",1
"WFH","aligned",1
"WFH","allegedly",1
"WFH","alley",1
"WFH","allowing",1
"WFH","alternative",1
"WFH","alternatives",1
"WFH","altruism",1
"WFH","amazon",1
"WFH","amazzing",1
"WFH","amended",1
"WFH","ample",1
"WFH","amplified",1
"WFH","andrew",1
"WFH","angeles",1
"WFH","angle",1
"WFH","annotation",1
"WFH","announced",1
"WFH","announcement",1
"WFH","annoying",1
"WFH","annual",1
"WFH","anotator",1
"WFH","ant",1
"WFH","anthropic",1
"WFH","apartments",1
"WFH","apes",1
"WFH","apparently",1
"WFH","appealing",1
"WFH","applicant",1
"WFH","applications",1
"WFH","appreciated",1
"WFH","approach",1
"WFH","approval",1
"WFH","approve",1
"WFH","april",1
"WFH","arcologies",1
"WFH","arms",1
"WFH","arrested",1
"WFH","arthur",1
"WFH","articles",1
"WFH","asap",1
"WFH","ashburn",1
"WFH","askethos",1
"WFH","aspects",1
"WFH","assistant",1
"WFH","assistants",1
"WFH","associate",1
"WFH","associates",1
"WFH","assuming",1
"WFH","ate",1
"WFH","atrophied",1
"WFH","attend",1
"WFH","attitude",1
"WFH","audience",1
"WFH","audio",1
"WFH","audiobooks",1
"WFH","augment",1
"WFH","automating",1
"WFH","autonomy",1
"WFH","availability",1
"WFH","avalanche",1
"WFH","avaliable",1
"WFH","avoid",1
"WFH","avoiding",1
"WFH","awareness",1
"WFH","awkwardness",1
"WFH","axios",1
"WFH","background",1
"WFH","backlash",1
"WFH","backup",1
"WFH","bags",1
"WFH","balloon",1
"WFH","bank",1
"WFH","bar",1
"WFH","barely",1
"WFH","bargaining",1
"WFH","barrier",1
"WFH","bart",1
"WFH","baseline",1
"WFH","basement",1
"WFH","basic",1
"WFH","basically",1
"WFH","bastards",1
"WFH","bath",1
"WFH","battery",1
"WFH","battle",1
"WFH","batumi",1
"WFH","bay",1
"WFH","bbq",1
"WFH","beauty",1
"WFH","bedroom",1
"WFH","bedtime",1
"WFH","behavior",1
"WFH","belly",1
"WFH","beneficial",1
"WFH","benefit",1
"WFH","bestie",1
"WFH","beverage",1
"WFH","bfl",1
"WFH","bigger",1
"WFH","bill",1
"WFH","billionaire",1
"WFH","billionaires",1
"WFH","bills",1
"WFH","biological",1
"WFH","bits",1
"WFH","blessing",1
"WFH","blind",1
"WFH","blink",1
"WFH","blog",1
"WFH","bloomberg",1
"WFH","bmore",1
"WFH","bodies",1
"WFH","boiling",1
"WFH","bomb",1
"WFH","bonding",1
"WFH","boosted",1
"WFH","boot",1
"WFH","border",1
"WFH","borders",1
"WFH","boston",1
"WFH","bought",1
"WFH","box",1
"WFH","brain",1
"WFH","brainer",1
"WFH","brandon",1
"WFH","breakfast",1
"WFH","breaks",1
"WFH","breath",1
"WFH","breather",1
"WFH","bricks",1
"WFH","brigade",1
"WFH","brings",1
"WFH","bro",1
"WFH","broadband",1
"WFH","brought",1
"WFH","brownouts",1
"WFH","browser",1
"WFH","buildings",1
"WFH","bullies",1
"WFH","bunch",1
"WFH","burgeoning",1
"WFH","businessman",1
"WFH","busy",1
"WFH","buy",1
"WFH","buzzing",1
"WFH","bypasses",1
"WFH","cafes",1
"WFH","cage",1
"WFH","californian",1
"WFH","called",1
"WFH","camera",1
"WFH","cameras",1
"WFH","cameron",1
"WFH","canceled",1
"WFH","cancelled",1
"WFH","candidates",1
"WFH","capital",1
"WFH","capitalizing",1
"WFH","carbon",1
"WFH","career",1
"WFH","careergrowth",1
"WFH","careeropportunity",1
"WFH","caregivers",1
"WFH","caretaker",1
"WFH","caring",1
"WFH","cars",1
"WFH","catching",1
"WFH","causing",1
"WFH","caveat",1
"WFH","cc",1
"WFH","cease",1
"WFH","celebrates",1
"WFH","celeron",1
"WFH","cell",1
"WFH","censorship",1
"WFH","ceo",1
"WFH","certified",1
"WFH","chances",1
"WFH","change",1
"WFH","changing",1
"WFH","channel",1
"WFH","charlotte",1
"WFH","chatgpt",1
"WFH","chats",1
"WFH","cheap",1
"WFH","checking",1
"WFH","checks",1
"WFH","chemical",1
"WFH","child",1
"WFH","choice",1
"WFH","choices",1
"WFH","choked",1
"WFH","chose",1
"WFH","chuwi",1
"WFH","cigars",1
"WFH","citrix",1
"WFH","claim",1
"WFH","clarke",1
"WFH","classified",1
"WFH","classwork",1
"WFH","claude",1
"WFH","claw",1
"WFH","cleaner",1
"WFH","cleanly",1
"WFH","clever",1
"WFH","clipart",1
"WFH","clock",1
"WFH","close",1
"WFH","closing",1
"WFH","closures",1
"WFH","clothes",1
"WFH","cloud",1
"WFH","cloudpeeps",1
"WFH","club",1
"WFH","cmon",1
"WFH","coach",1
"WFH","coast",1
"WFH","coding",1
"WFH","coherence",1
"WFH","cohesion",1
"WFH","coincided",1
"WFH","cola",1
"WFH","collaborative",1
"WFH","colleague",1
"WFH","colleauges",1
"WFH","collective",1
"WFH","collectivepower",1
"WFH","collegefootball",1
"WFH","colocation",1
"WFH","colon",1
"WFH","combination",1
"WFH","combo",1
"WFH","comfort",1
"WFH","comfy",1
"WFH","comments",1
"WFH","common",1
"WFH","communicate",1
"WFH","communication",1
"WFH","companion",1
"WFH","compare",1
"WFH","compared",1
"WFH","compete",1
"WFH","complaints",1
"WFH","complementarity",1
"WFH","compliance",1
"WFH","computing",1
"WFH","concentrate",1
"WFH","concrete",1
"WFH","confidentiality",1
"WFH","congested",1
"WFH","congestion",1
"WFH","congress",1
"WFH","connects",1
"WFH","conservatives",1
"WFH","considerably",1
"WFH","considered",1
"WFH","consistency",1
"WFH","conspiratorial",1
"WFH","constant",1
"WFH","construction",1
"WFH","consult",1
"WFH","contact",1
"WFH","contacts",1
"WFH","content",1
"WFH","contentmarketing",1
"WFH","contributor",1
"WFH","control",1
"WFH","conundrum",1
"WFH","convenience",1
"WFH","cook",1
"WFH","coordinator",1
"WFH","core",1
"WFH","corporations",1
"WFH","corps",1
"WFH","corpse",1
"WFH","correct",1
"WFH","couch",1
"WFH","cough",1
"WFH","council",1
"WFH","counseling",1
"WFH","count",1
"WFH","countries",1
"WFH","county",1
"WFH","coverage",1
"WFH","covering",1
"WFH","coworker",1
"WFH","coworkers",1
"WFH","crack",1
"WFH","crammed",1
"WFH","crash",1
"WFH","crdt",1
"WFH","created",1
"WFH","creative",1
"WFH","creativity",1
"WFH","credits",1
"WFH","creepier",1
"WFH","creeps",1
"WFH","criminal",1
"WFH","cronyism",1
"WFH","crossed",1
"WFH","crossing",1
"WFH","crowded",1
"WFH","cubicles",1
"WFH","cuck",1
"WFH","cults",1
"WFH","curse",1
"WFH","cursive",1
"WFH","customers",1
"WFH","customize",1
"WFH","cutter",1
"WFH","cuz",1
"WFH","cybersecurity",1
"WFH","cynicism",1
"WFH","damaged",1
"WFH","dame",1
"WFH","dashboard",1
"WFH","dawn",1
"WFH","dawnwalker",1
"WFH","db",1
"WFH","deal",1
"WFH","dealt",1
"WFH","debate",1
"WFH","debating",1
"WFH","december",1
"WFH","decides",1
"WFH","declines",1
"WFH","dedicated",1
"WFH","deepen",1
"WFH","deepest",1
"WFH","default",1
"WFH","degrees",1
"WFH","delivers",1
"WFH","demands",1
"WFH","demise",1
"WFH","democrats",1
"WFH","demonstrates",1
"WFH","demonstration",1
"WFH","departments",1
"WFH","dependent",1
"WFH","depends",1
"WFH","depression",1
"WFH","designated",1
"WFH","desire",1
"WFH","desktop",1
"WFH","desperate",1
"WFH","destiny",1
"WFH","detention",1
"WFH","determined",1
"WFH","detroit",1
"WFH","developer",1
"WFH","developers",1
"WFH","development",1
"WFH","device",1
"WFH","die",1
"WFH","difference",1
"WFH","difficulty",1
"WFH","digitalmarketing",1
"WFH","digitalproducts",1
"WFH","dinner",1
"WFH","directions",1
"WFH","directly",1
"WFH","disappear",1
"WFH","disappeared",1
"WFH","disappearing",1
"WFH","discarded",1
"WFH","disclosure",1
"WFH","discourse",1
"WFH","discovered",1
"WFH","discriminatory",1
"WFH","disparity",1
"WFH","dispersed",1
"WFH","disqualifies",1
"WFH","distributed",1
"WFH","dms",1
"WFH","doc",1
"WFH","docking",1
"WFH","doctors",1
"WFH","dollars",1
"WFH","domestic",1
"WFH","donations",1
"WFH","door",1
"WFH","double",1
"WFH","download",1
"WFH","downside",1
"WFH","downtowns",1
"WFH","draft",1
"WFH","dragging",1
"WFH","drain",1
"WFH","drawings",1
"WFH","drawn",1
"WFH","dream",1
"WFH","dressing",1
"WFH","driving",1
"WFH","drone",1
"WFH","drones",1
"WFH","drops",1
"WFH","drug",1
"WFH","dry",1
"WFH","dwindling",1
"WFH","dwts",1
"WFH","ea",1
"WFH","earned",1
"WFH","earning",1
"WFH","earnings",1
"WFH","easiest",1
"WFH","easily",1
"WFH","eastern",1
"WFH","ebikes",1
"WFH","economy",1
"WFH","ecp",1
"WFH","editor",1
"WFH","edr",1
"WFH","education",1
"WFH","effect",1
"WFH","effective",1
"WFH","efficient",1
"WFH","effort",1
"WFH","ei",1
"WFH","election",1
"WFH","electrification",1
"WFH","elevator",1
"WFH","eligible",1
"WFH","eliminated",1
"WFH","elon",1
"WFH","email",1
"WFH","emails",1
"WFH","embraced",1
"WFH","emergencyprep",1
"WFH","emphasis",1
"WFH","empirical",1
"WFH","employed",1
"WFH","encrypted",1
"WFH","endorsing",1
"WFH","endpoints",1
"WFH","enforcement",1
"WFH","engagement",1
"WFH","engineered",1
"WFH","engineers",1
"WFH","enrolled",1
"WFH","enrollment",1
"WFH","entered",1
"WFH","entertainment",1
"WFH","entice",1
"WFH","epic",1
"WFH","epileptic",1
"WFH","epub",1
"WFH","equal",1
"WFH","equals",1
"WFH","equity",1
"WFH","equivalent",1
"WFH","erbox",1
"WFH","erg",1
"WFH","ergopulse",1
"WFH","escalation",1
"WFH","esp",1
"WFH","essence",1
"WFH","established",1
"WFH","eur",1
"WFH","ev",1
"WFH","eve",1
"WFH","evenings",1
"WFH","events",1
"WFH","eventually",1
"WFH","exchanges",1
"WFH","exciting",1
"WFH","excuse",1
"WFH","exempt",1
"WFH","exhausted",1
"WFH","exhaustion",1
"WFH","exodus",1
"WFH","expands",1
"WFH","expansion",1
"WFH","expat",1
"WFH","expertise",1
"WFH","explains",1
"WFH","exploits",1
"WFH","explore",1
"WFH","explored",1
"WFH","explores",1
"WFH","exposed",1
"WFH","exposure",1
"WFH","extent",1
"WFH","extreme",1
"WFH","eye",1
"WFH","fabric",1
"WFH","facing",1
"WFH","fail",1
"WFH","failed",1
"WFH","fake",1
"WFH","falling",1
"WFH","family",1
"WFH","fanless",1
"WFH","fans",1
"WFH","fantasy",1
"WFH","fares",1
"WFH","farm",1
"WFH","farming",1
"WFH","faster",1
"WFH","fatal",1
"WFH","father",1
"WFH","favor",1
"WFH","fear",1
"WFH","feasibility",1
"WFH","feasible",1
"WFH","feature",1
"WFH","featured",1
"WFH","february",1
"WFH","fees",1
"WFH","fence",1
"WFH","festival",1
"WFH","fiber",1
"WFH","fight",1
"WFH","fighting",1
"WFH","figured",1
"WFH","file",1
"WFH","filed",1
"WFH","fill",1
"WFH","filled",1
"WFH","filters",1
"WFH","filthy",1
"WFH","filtration",1
"WFH","final",1
"WFH","finance",1
"WFH","fingers",1
"WFH","finish",1
"WFH","finishing",1
"WFH","finland",1
"WFH","firm",1
"WFH","fix",1
"WFH","fixed",1
"WFH","flank",1
"WFH","flashing",1
"WFH","flats",1
"WFH","flesh",1
"WFH","floodgates",1
"WFH","flourished",1
"WFH","fly",1
"WFH","fml",1
"WFH","focused",1
"WFH","foe",1
"WFH","fog",1
"WFH","foldable",1
"WFH","foot",1
"WFH","foreign",1
"WFH","format",1
"WFH","fortune",1
"WFH","forward",1
"WFH","fosters",1
"WFH","fought",1
"WFH","foundation",1
"WFH","founder",1
"WFH","francisco",1
"WFH","frat",1
"WFH","freak",1
"WFH","freaks",1
"WFH","freelancejobs",1
"WFH","freelancer",1
"WFH","freelancing",1
"WFH","freezer",1
"WFH","freshers",1
"WFH","fridays",1
"WFH","fridge",1
"WFH","friend",1
"WFH","friends",1
"WFH","frustrating",1
"WFH","ft",1
"WFH","fuckin",1
"WFH","fuelled",1
"WFH","fuels",1
"WFH","fulltime",1
"WFH","funniest",1
"WFH","furniture",1
"WFH","furries",1
"WFH","gadget",1
"WFH","gained",1
"WFH","garage",1
"WFH","garagesalemysteries",1
"WFH","gay",1
"WFH","gear",1
"WFH","gemini",1
"WFH","generation",1
"WFH","generations",1
"WFH","genres",1
"WFH","gens",1
"WFH","genuinely",1
"WFH","geography",1
"WFH","germany",1
"WFH","gerrymander",1
"WFH","getfedihired",1
"WFH","ghost",1
"WFH","girls",1
"WFH","giving",1
"WFH","globetrotters",1
"WFH","glut",1
"WFH","gold",1
"WFH","gotta",1
"WFH","gov",1
"WFH","governments",1
"WFH","gradually",1
"WFH","graduates",1
"WFH","granblue",1
"WFH","granular",1
"WFH","graphic",1
"WFH","graphics",1
"WFH","grateful",1
"WFH","greedy",1
"WFH","green",1
"WFH","gregory",1
"WFH","grievance",1
"WFH","gross",1
"WFH","growing",1
"WFH","grumble",1
"WFH","gta",1
"WFH","guaranteed",1
"WFH","guard",1
"WFH","guards",1
"WFH","guessing",1
"WFH","guidance",1
"WFH","gunsmithing",1
"WFH","guy",1
"WFH","guys",1
"WFH","gw",1
"WFH","ha",1
"WFH","habits",1
"WFH","hacking",1
"WFH","hag",1
"WFH","haha",1
"WFH","hahahahaha",1
"WFH","hahahahahahaha",1
"WFH","hailed",1
"WFH","hallmark",1
"WFH","hand",1
"WFH","handwringing",1
"WFH","happier",1
"WFH","happily",1
"WFH","happy",1
"WFH","hats",1
"WFH","headline",1
"WFH","heads",1
"WFH","heavily",1
"WFH","heavy",1
"WFH","heel",1
"WFH","hell",1
"WFH","helping",1
"WFH","hero",1
"WFH","hey",1
"WFH","highways",1
"WFH","hilarious",1
"WFH","hispanic",1
"WFH","historically",1
"WFH","hits",1
"WFH","holds",1
"WFH","homelessness",1
"WFH","homes",1
"WFH","honest",1
"WFH","hook",1
"WFH","hopeless",1
"WFH","hopes",1
"WFH","hoping",1
"WFH","horse",1
"WFH","host",1
"WFH","hosting",1
"WFH","hourly",1
"WFH","housebound",1
"WFH","housed",1
"WFH","houses",1
"WFH","housing",1
"WFH","human",1
"WFH","humanity",1
"WFH","humanoid",1
"WFH","humans",1
"WFH","hunger",1
"WFH","hurt",1
"WFH","hustle",1
"WFH","hybridwork",1
"WFH","hype",1
"WFH","hyper",1
"WFH","hyperscalers",1
"WFH","hypocrisy",1
"WFH","hypothetically",1
"WFH","iced",1
"WFH","ideal",1
"WFH","ideas",1
"WFH","iheartfestival",1
"WFH","iheartradio",1
"WFH","ikea",1
"WFH","illness",1
"WFH","imagery",1
"WFH","immensely",1
"WFH","impact",1
"WFH","impossible",1
"WFH","improvements",1
"WFH","improving",1
"WFH","incentives",1
"WFH","incentivize",1
"WFH","included",1
"WFH","increase",1
"WFH","increases",1
"WFH","increasing",1
"WFH","indie",1
"WFH","indignant",1
"WFH","industries",1
"WFH","inefficient",1
"WFH","inequality",1
"WFH","influencing",1
"WFH","info",1
"WFH","informed",1
"WFH","infuriating",1
"WFH","ingalls",1
"WFH","inhabit",1
"WFH","inkstone",1
"WFH","inquiries",1
"WFH","inside",1
"WFH","insist",1
"WFH","inspiration",1
"WFH","inspiring",1
"WFH","instant",1
"WFH","insulting",1
"WFH","integral",1
"WFH","intelligent",1
"WFH","intensive",1
"WFH","interacting",1
"WFH","interactions",1
"WFH","interface",1
"WFH","intern",1
"WFH","international",1
"WFH","internationally",1
"WFH","internship",1
"WFH","internships",1
"WFH","interview",1
"WFH","interviewed",1
"WFH","introvert",1
"WFH","invented",1
"WFH","investment",1
"WFH","investors",1
"WFH","invite",1
"WFH","iran",1
"WFH","irl",1
"WFH","isekai",1
"WFH","isnt",1
"WFH","isolation",1
"WFH","issue",1
"WFH","jazeera",1
"WFH","jedi",1
"WFH","jenn",1
"WFH","jesus",1
"WFH","jobhunting",1
"WFH","john",1
"WFH","johnson",1
"WFH","judging",1
"WFH","judgment",1
"WFH","jungle",1
"WFH","kamrui",1
"WFH","keen",1
"WFH","kicking",1
"WFH","kicks",1
"WFH","kid",1
"WFH","killed",1
"WFH","killing",1
"WFH","kinda",1
"WFH","kn",1
"WFH","knowledge",1
"WFH","kpi",1
"WFH","kruase",1
"WFH","kryptonite",1
"WFH","kun",1
"WFH","labor",1
"WFH","lacking",1
"WFH","lacks",1
"WFH","lady",1
"WFH","laid",1
"WFH","land",1
"WFH","landlords",1
"WFH","landscape",1
"WFH","laptop",1
"WFH","larger",1
"WFH","larping",1
"WFH","late",1
"WFH","latin",1
"WFH","launching",1
"WFH","law",1
"WFH","lazarus",1
"WFH","laze",1
"WFH","lazy",1
"WFH","ldap",1
"WFH","leader",1
"WFH","leaders",1
"WFH","leaking",1
"WFH","learning",1
"WFH","leavd",1
"WFH","leaves",1
"WFH","leg",1
"WFH","legacy",1
"WFH","legally",1
"WFH","legit",1
"WFH","lesser",1
"WFH","letting",1
"WFH","liam",1
"WFH","lied",1
"WFH","lifestyle",1
"WFH","lifetimes",1
"WFH","lift",1
"WFH","lifting",1
"WFH","light",1
"WFH","lighting",1
"WFH","liking",1
"WFH","limiting",1
"WFH","limits",1
"WFH","line",1
"WFH","links",1
"WFH","listed",1
"WFH","listening",1
"WFH","listing",1
"WFH","listings",1
"WFH","lists",1
"WFH","literal",1
"WFH","livable",1
"WFH","lived",1
"WFH","lives",1
"WFH","llc",1
"WFH","lmk",1
"WFH","locked",1
"WFH","log",1
"WFH","logo",1
"WFH","loneliness",1
"WFH","longtime",1
"WFH","lookin",1
"WFH","loophole",1
"WFH","loops",1
"WFH","loosened",1
"WFH","loosing",1
"WFH","los",1
"WFH","lose",1
"WFH","losers",1
"WFH","losing",1
"WFH","loss",1
"WFH","louisville",1
"WFH","lowered",1
"WFH","lsu",1
"WFH","lucas",1
"WFH","lunch",1
"WFH","lung",1
"WFH","macos",1
"WFH","maga",1
"WFH","maintaining",1
"WFH","major",1
"WFH","managers",1
"WFH","managing",1
"WFH","mandates",1
"WFH","manifest",1
"WFH","manufacture",1
"WFH","march",1
"WFH","marin",1
"WFH","marketing",1
"WFH","markets",1
"WFH","markham",1
"WFH","masking",1
"WFH","massachusetts",1
"WFH","massive",1
"WFH","massively",1
"WFH","matcha",1
"WFH","matched",1
"WFH","matches",1
"WFH","matching",1
"WFH","matthew",1
"WFH","maximizes",1
"WFH","maximum",1
"WFH","mayor",1
"WFH","mci",1
"WFH","meadow",1
"WFH","meaningfully",1
"WFH","measures",1
"WFH","mechanics",1
"WFH","mechanism",1
"WFH","medications",1
"WFH","medicine",1
"WFH","meets",1
"WFH","mega",1
"WFH","memo",1
"WFH","mentally",1
"WFH","mentorship",1
"WFH","menu",1
"WFH","metadata",1
"WFH","method",1
"WFH","metoo",1
"WFH","metric",1
"WFH","metros",1
"WFH","mexico",1
"WFH","michigan",1
"WFH","micro",1
"WFH","microwave",1
"WFH","middle",1
"WFH","midsize",1
"WFH","midwest",1
"WFH","migration",1
"WFH","migrationjobs",1
"WFH","mild",1
"WFH","mildly",1
"WFH","mile",1
"WFH","miles",1
"WFH","minds",1
"WFH","mine",1
"WFH","minimal",1
"WFH","ministers",1
"WFH","minor",1
"WFH","misery",1
"WFH","missing",1
"WFH","mistake",1
"WFH","mitigate",1
"WFH","mllse",1
"WFH","moana",1
"WFH","mobile",1
"WFH","mobility",1
"WFH","mode",1
"WFH","modeling",1
"WFH","models",1
"WFH","moderately",1
"WFH","modifications",1
"WFH","moment",1
"WFH","moments",1
"WFH","montreal",1
"WFH","mood",1
"WFH","moses",1
"WFH","mothers",1
"WFH","mounting",1
"WFH","moved",1
"WFH","movement",1
"WFH","mpi",1
"WFH","multifaceted",1
"WFH","multimodal",1
"WFH","multiple",1
"WFH","municipal",1
"WFH","museum",1
"WFH","music",1
"WFH","musk",1
"WFH","mutualaid",1
"WFH","mysteries",1
"WFH","nap",1
"WFH","nasty",1
"WFH","nations",1
"WFH","nato",1
"WFH","nearby",1
"WFH","neck",1
"WFH","negative",1
"WFH","negotiate",1
"WFH","neighbor",1
"WFH","neighbors",1
"WFH","nerd",1
"WFH","networks",1
"WFH","neurodivergence",1
"WFH","neurodivergent",1
"WFH","neuroinclusivity",1
"WFH","neutral",1
"WFH","news",1
"WFH","nighter",1
"WFH","nightmare",1
"WFH","nih",1
"WFH","noncompliant",1
"WFH","nonprofitjobs",1
"WFH","nonprofits",1
"WFH","nonsense",1
"WFH","norm",1
"WFH","normalized",1
"WFH","nose",1
"WFH","note",1
"WFH","noticed",1
"WFH","noting",1
"WFH","notre",1
"WFH","nyc",1
"WFH","nz",1
"WFH","objective",1
"WFH","obsessive",1
"WFH","obtain",1
"WFH","occaisionally",1
"WFH","occasion",1
"WFH","oct",1
"WFH","october",1
"WFH","offgrid",1
"WFH","officers",1
"WFH","offline",1
"WFH","ohh",1
"WFH","oil",1
"WFH","ointment",1
"WFH","oklahoma",1
"WFH","ole",1
"WFH","openai",1
"WFH","operates",1
"WFH","operators",1
"WFH","opinion",1
"WFH","optimize",1
"WFH","ordinance",1
"WFH","organic",1
"WFH","organised",1
"WFH","organize",1
"WFH","organized",1
"WFH","original",1
"WFH","originally",1
"WFH","outages",1
"WFH","outdated",1
"WFH","outdoor",1
"WFH","outdoors",1
"WFH","outnumbered",1
"WFH","outsourced",1
"WFH","outsourcing",1
"WFH","oven",1
"WFH","overcrowding",1
"WFH","overheating",1
"WFH","overlap",1
"WFH","oversight",1
"WFH","overwork",1
"WFH","owned",1
"WFH","owns",1
"WFH","oz",1
"WFH","pack",1
"WFH","package",1
"WFH","packages",1
"WFH","padres",1
"WFH","pain",1
"WFH","paints",1
"WFH","panels",1
"WFH","paradigm",1
"WFH","parents",1
"WFH","participants",1
"WFH","partly",1
"WFH","past",1
"WFH","path",1
"WFH","payouts",1
"WFH","pc",1
"WFH","pdf",1
"WFH","peak",1
"WFH","pennsylvania",1
"WFH","pensions",1
"WFH","pentium",1
"WFH","perceive",1
"WFH","perfectly",1
"WFH","peripherals",1
"WFH","permission",1
"WFH","persists",1
"WFH","petition",1
"WFH","petroleum",1
"WFH","pfsense",1
"WFH","phew",1
"WFH","phones",1
"WFH","photography",1
"WFH","physically",1
"WFH","pickle",1
"WFH","piece",1
"WFH","pilled",1
"WFH","pilot",1
"WFH","plate",1
"WFH","platform",1
"WFH","platforms",1
"WFH","played",1
"WFH","pleasantly",1
"WFH","pluma",1
"WFH","plz",1
"WFH","police",1
"WFH","policyjobs",1
"WFH","polish",1
"WFH","political",1
"WFH","pollution",1
"WFH","pooling",1
"WFH","poor",1
"WFH","popular",1
"WFH","popularized",1
"WFH","portablepower",1
"WFH","portugal",1
"WFH","posh",1
"WFH","positive",1
"WFH","posture",1
"WFH","potential",1
"WFH","potentially",1
"WFH","pounds",1
"WFH","powermanagement",1
"WFH","powertofly",1
"WFH","pre",1
"WFH","predicts",1
"WFH","prefer",1
"WFH","preferred",1
"WFH","prep",1
"WFH","prepared",1
"WFH","preparedness",1
"WFH","prepares",1
"WFH","president",1
"WFH","pressing",1
"WFH","pressure",1
"WFH","prevent",1
"WFH","previous",1
"WFH","price",1
"WFH","priority",1
"WFH","prism",1
"WFH","prison",1
"WFH","professional",1
"WFH","professor",1
"WFH","profile",1
"WFH","progenitors",1
"WFH","programming",1
"WFH","progressive",1
"WFH","projections",1
"WFH","projectmanagement",1
"WFH","promote",1
"WFH","promoting",1
"WFH","propaganda",1
"WFH","property",1
"WFH","proposal",1
"WFH","protests",1
"WFH","protocols",1
"WFH","proud",1
"WFH","prove",1
"WFH","proved",1
"WFH","proves",1
"WFH","provided",1
"WFH","psychogeography",1
"WFH","psychological",1
"WFH","publiclands",1
"WFH","pull",1
"WFH","pulling",1
"WFH","punishing",1
"WFH","pure",1
"WFH","pyrenees",1
"WFH","qc",1
"WFH","quantum",1
"WFH","queer",1
"WFH","questions",1
"WFH","quickly",1
"WFH","quit",1
"WFH","race",1
"WFH","rail",1
"WFH","random",1
"WFH","randstad",1
"WFH","rare",1
"WFH","rates",1
"WFH","realistic",1
"WFH","realized",1
"WFH","reasonable",1
"WFH","recalled",1
"WFH","recap",1
"WFH","recapturing",1
"WFH","receipt",1
"WFH","recent",1
"WFH","record",1
"WFH","recovering",1
"WFH","recreational",1
"WFH","recruiters",1
"WFH","recruitment",1
"WFH","recycles",1
"WFH","reddit",1
"WFH","redefining",1
"WFH","reduced",1
"WFH","reduces",1
"WFH","reduction",1
"WFH","reductive",1
"WFH","referral",1
"WFH","refresh",1
"WFH","regulation",1
"WFH","reimbursements",1
"WFH","reject",1
"WFH","related",1
"WFH","relationship",1
"WFH","relationships",1
"WFH","relearning",1
"WFH","relevant",1
"WFH","reliability",1
"WFH","relief",1
"WFH","relocation",1
"WFH","remind",1
"WFH","remotehiring",1
"WFH","remotehub",1
"WFH","remoteworksa",1
"WFH","renewed",1
"WFH","renters",1
"WFH","repeated",1
"WFH","replace",1
"WFH","reply",1
"WFH","repopulate",1
"WFH","report",1
"WFH","reportedly",1
"WFH","repost",1
"WFH","reposted",1
"WFH","representing",1
"WFH","republicans",1
"WFH","reqlly",1
"WFH","require",1
"WFH","rescind",1
"WFH","researching",1
"WFH","resent",1
"WFH","reshares",1
"WFH","residential",1
"WFH","response",1
"WFH","restore",1
"WFH","restrictions",1
"WFH","resulted",1
"WFH","reverse",1
"WFH","reviews",1
"WFH","revolutionary",1
"WFH","revues",1
"WFH","ride",1
"WFH","ridership",1
"WFH","ripple",1
"WFH","rising",1
"WFH","risks",1
"WFH","road",1
"WFH","robust",1
"WFH","roof",1
"WFH","rosco",1
"WFH","roses",1
"WFH","rot",1
"WFH","rotation",1
"WFH","rotting",1
"WFH","roundup",1
"WFH","router",1
"WFH","rto",1
"WFH","rubbing",1
"WFH","sabbatical",1
"WFH","sai",1
"WFH","saic",1
"WFH","salaried",1
"WFH","salesforce",1
"WFH","samples",1
"WFH","san",1
"WFH","sanctions",1
"WFH","sat",1
"WFH","saturday",1
"WFH","saving",1
"WFH","scales",1
"WFH","scam",1
"WFH","scams",1
"WFH","scared",1
"WFH","scary",1
"WFH","scheduling",1
"WFH","schmoozing",1
"WFH","schools",1
"WFH","scientific",1
"WFH","scratch",1
"WFH","screens",1
"WFH","searched",1
"WFH","seasons",1
"WFH","sectors",1
"WFH","securityguards",1
"WFH","sedentary",1
"WFH","senior",1
"WFH","seo",1
"WFH","server",1
"WFH","servers",1
"WFH","services",1
"WFH","sessions",1
"WFH","set",1
"WFH","sets",1
"WFH","settled",1
"WFH","sex",1
"WFH","sf",1
"WFH","shaping",1
"WFH","sharing",1
"WFH","shelf",1
"WFH","shifted",1
"WFH","shipped",1
"WFH","shirley",1
"WFH","shitrix",1
"WFH","shitty",1
"WFH","shocked",1
"WFH","shooting",1
"WFH","shortened",1
"WFH","shorts",1
"WFH","shutdown",1
"WFH","sic",1
"WFH","signal",1
"WFH","signature",1
"WFH","signed",1
"WFH","silent",1
"WFH","silicon",1
"WFH","sim",1
"WFH","simulated",1
"WFH","sincere",1
"WFH","sincerity",1
"WFH","sins",1
"WFH","sitting",1
"WFH","sketch",1
"WFH","skewed",1
"WFH","skilled",1
"WFH","sky",1
"WFH","slight",1
"WFH","slow",1
"WFH","slowed",1
"WFH","sm",1
"WFH","smartphones",1
"WFH","smarttech",1
"WFH","smile",1
"WFH","soc",1
"WFH","socialmediamarketing",1
"WFH","soldiers",1
"WFH","solitary",1
"WFH","solopreneur",1
"WFH","solution",1
"WFH","solutions",1
"WFH","solve",1
"WFH","sooo",1
"WFH","sop",1
"WFH","sounded",1
"WFH","southafrica",1
"WFH","sparked",1
"WFH","speak",1
"WFH","special",1
"WFH","specialists",1
"WFH","speed",1
"WFH","spelled",1
"WFH","spending",1
"WFH","spikes",1
"WFH","spirits",1
"WFH","spoilers",1
"WFH","spread",1
"WFH","spreadsheet",1
"WFH","spring",1
"WFH","spyware",1
"WFH","stabbable",1
"WFH","stadium",1
"WFH","staffs",1
"WFH","stale",1
"WFH","stalkers",1
"WFH","standards",1
"WFH","stare",1
"WFH","startups",1
"WFH","stated",1
"WFH","station",1
"WFH","status",1
"WFH","stayed",1
"WFH","steady",1
"WFH","steam",1
"WFH","steer",1
"WFH","stepped",1
"WFH","sticks",1
"WFH","stigma",1
"WFH","stock",1
"WFH","stocked",1
"WFH","stop",1
"WFH","stops",1
"WFH","straight",1
"WFH","strain",1
"WFH","streaks",1
"WFH","streets",1
"WFH","strengths",1
"WFH","strict",1
"WFH","strike",1
"WFH","stripmining",1
"WFH","struggle",1
"WFH","struggles",1
"WFH","student",1
"WFH","studio",1
"WFH","stuffs",1
"WFH","submit",1
"WFH","suboptimal",1
"WFH","subscription",1
"WFH","subway",1
"WFH","success",1
"WFH","successful",1
"WFH","succinctly",1
"WFH","sudden",1
"WFH","suddenly",1
"WFH","suffers",1
"WFH","sufficiency",1
"WFH","suggestive",1
"WFH","suite",1
"WFH","suited",1
"WFH","summary",1
"WFH","sun",1
"WFH","sundays",1
"WFH","sunlight",1
"WFH","supervision",1
"WFH","supports",1
"WFH","surface",1
"WFH","surgeon",1
"WFH","surpassed",1
"WFH","surprsied",1
"WFH","surrounded",1
"WFH","survive",1
"WFH","suspect",1
"WFH","sustainable",1
"WFH","sustained",1
"WFH","sv",1
"WFH","swapped",1
"WFH","swear",1
"WFH","sweats",1
"WFH","swiftly",1
"WFH","synergy",1
"WFH","systems",1
"WFH","tailor",1
"WFH","takes",1
"WFH","taking",1
"WFH","talent",1
"WFH","talk",1
"WFH","talking",1
"WFH","talks",1
"WFH","tangible",1
"WFH","taxpayers",1
"WFH","tbilisi",1
"WFH","tearing",1
"WFH","techies",1
"WFH","technically",1
"WFH","technology",1
"WFH","techstrike",1
"WFH","techtools",1
"WFH","teehee",1
"WFH","teens",1
"WFH","telecommunications",1
"WFH","telegram",1
"WFH","teleperformance",1
"WFH","teleworking",1
"WFH","tempted",1
"WFH","term",1
"WFH","terminated",1
"WFH","terrace",1
"WFH","territory",1
"WFH","tested",1
"WFH","tests",1
"WFH","texturing",1
"WFH","thankfully",1
"WFH","themed",1
"WFH","thick",1
"WFH","thirds",1
"WFH","thirties",1
"WFH","tho",1
"WFH","thomson",1
"WFH","threads",1
"WFH","thwaites",1
"WFH","tidbit",1
"WFH","timemanagement",1
"WFH","times",1
"WFH","tired",1
"WFH","title",1
"WFH","toll",1
"WFH","tom",1
"WFH","tomorow",1
"WFH","tonight",1
"WFH","tool",1
"WFH","tooling",1
"WFH","tooth",1
"WFH","topics",1
"WFH","tops",1
"WFH","torn",1
"WFH","tourism",1
"WFH","town",1
"WFH","tracker",1
"WFH","tracking",1
"WFH","trade",1
"WFH","trainer",1
"WFH","trains",1
"WFH","transfer",1
"WFH","transformation",1
"WFH","transforming",1
"WFH","transition",1
"WFH","transitioning",1
"WFH","transparency",1
"WFH","traveling",1
"WFH","travelled",1
"WFH","trends",1
"WFH","tricky",1
"WFH","trillions",1
"WFH","trip",1
"WFH","trips",1
"WFH","truck",1
"WFH","trust",1
"WFH","tvsky",1
"WFH","twenties",1
"WFH","type",1
"WFH","typically",1
"WFH","ubox",1
"WFH","unanswered",1
"WFH","unbelievable",1
"WFH","uncomfortable",1
"WFH","understand",1
"WFH","understands",1
"WFH","uneven",1
"WFH","unforgettable",1
"WFH","unhinged",1
"WFH","unhoused",1
"WFH","unicorn",1
"WFH","unified",1
"WFH","unionize",1
"WFH","units",1
"WFH","universal",1
"WFH","unlimited",1
"WFH","unlocked",1
"WFH","unmanaged",1
"WFH","unnecessary",1
"WFH","unpaid",1
"WFH","unpopular",1
"WFH","unwalkable",1
"WFH","ups",1
"WFH","upvote",1
"WFH","urbanists",1
"WFH","urgently",1
"WFH","usb",1
"WFH","useless",1
"WFH","users",1
"WFH","utter",1
"WFH","vacation",1
"WFH","vaccines",1
"WFH","valley",1
"WFH","values",1
"WFH","vastly",1
"WFH","vehicles",1
"WFH","ventilation",1
"WFH","venting",1
"WFH","venue",1
"WFH","verge",1
"WFH","version",1
"WFH","veterans",1
"WFH","viable",1
"WFH","vibrant",1
"WFH","videoconferencing",1
"WFH","viewing",1
"WFH","vile",1
"WFH","virginia",1
"WFH","virginity",1
"WFH","visa",1
"WFH","visage",1
"WFH","visas",1
"WFH","voice",1
"WFH","volume",1
"WFH","vote",1
"WFH","voting",1
"WFH","vpn",1
"WFH","wahve",1
"WFH","waiting",1
"WFH","walkable",1
"WFH","walker",1
"WFH","wallets",1
"WFH","wanna",1
"WFH","warmth",1
"WFH","warsaw",1
"WFH","wash",1
"WFH","washer",1
"WFH","washington",1
"WFH","washroom",1
"WFH","wasting",1
"WFH","watercooler",1
"WFH","weak",1
"WFH","weaknesses",1
"WFH","webcam",1
"WFH","webcams",1
"WFH","websites",1
"WFH","weekend",1
"WFH","weird",1
"WFH","west",1
"WFH","western",1
"WFH","whammy",1
"WFH","whelp",1
"WFH","whinston",1
"WFH","white",1
"WFH","wider",1
"WFH","wife",1
"WFH","winding",1
"WFH","wine",1
"WFH","winter",1
"WFH","wishing",1
"WFH","wistfully",1
"WFH","woke",1
"WFH","wonderful",1
"WFH","wondering",1
"WFH","wonders",1
"WFH","woods",1
"WFH","wordpress",1
"WFH","workation",1
"WFH","workbooks",1
"WFH","workculture",1
"WFH","workdays",1
"WFH","workersoverbillionaires",1
"WFH","workflows",1
"WFH","worklifebalance",1
"WFH","workplace",1
"WFH","workplacedebate",1
"WFH","workspaces",1
"WFH","worldwide",1
"WFH","worn",1
"WFH","worry",1
"WFH","wrecking",1
"WFH","wring",1
"WFH","write",1
"WFH","wrong",1
"WFH","wrote",1
"WFH","xcy",1
"WFH","xd",1
"WFH","ya",1
"WFH","yeah",1
"WFH","yelled",1
"WFH","yep",1
"WFH","yggy",1
"WFH","youtube",1
"WFH","yuss",1
"WFH","zealand",1
"WFH","zone",1
