"account","in_degree","betweenness"
"cnn.com",29,0
"rincewind.run",18,0
"shockemc.bsky.social",8,0
"goodboy.bsky.social",1,1
"nasboat.org",1,1
"nickcalhoun81.bsky.social",1,0
"nk-dizzle.bsky.social",1,1
"trekkiebill.bsky.social",1,1
"34xfelonrapistrump.bsky.social",0,0
"adamiani.bsky.social",0,0
"barrybarrybarry.bsky.social",0,0
"bisky123.bsky.social",0,0
"bludhavenoracle.bsky.social",0,0
"bordercountess.bsky.social",0,0
"cassius59.bsky.social",0,0
"chrisboftheeast.bsky.social",0,0
"christineclaire.bsky.social",0,0
"coal-carter.bsky.social",0,0
"cobaltthegreat.bsky.social",0,0
"constantii.bsky.social",0,0
"crawf34.bsky.social",0,0
"dailysummary.bsky.social",0,0
"danielwbrody.bsky.social",0,0
"dave.bzky.team",0,0
"dochammertime.bsky.social",0,0
"dwilliamesq.bsky.social",0,0
"eacamp.bsky.social",0,0
"ergofoxxxy.bsky.social",0,0
"flopperdog.bsky.social",0,0
"goodcitizen.bsky.social",0,0
"grumpinuts.bsky.social",0,0
"grunklemary.bsky.social",0,0
"jbiesiada.bsky.social",0,0
"jezzerat.bsky.social",0,0
"jimandrakakis.net",0,0
"joseph-n-hall.bsky.social",0,0
"kbethany.bsky.social",0,0
"kevin.crime.group",0,0
"lawnmaker.bsky.social",0,0
"machminotaur.bsky.social",0,0
"marvintheandriod.bsky.social",0,0
"maxwellgraf.bsky.social",0,0
"merseysippi.bsky.social",0,0
"moira.bsky.social",0,0
"moosebigelow.bsky.social",0,0
"motown.bsky.social",0,0
"mrtinmd.bsky.social",0,0
"notpirateradio.bsky.social",0,0
"oilcantim.bsky.social",0,0
"pardontherant.bsky.social",0,0
"parochialnimrod.bsky.social",0,0
"robot-bastard.bsky.social",0,0
"ronague.bsky.social",0,0
"ruinista.bsky.social",0,0
"rwruedii.bsky.social",0,0
"senrab.bsky.social",0,0
"sgoa.st",0,0
"stonefeathers.bsky.social",0,0
"themoonking.bsky.social",0,0
"wolfman2wolfman.bsky.social",0,0
"zapbr.bsky.social",0,0
"ziuechoes.bsky.social",0,0
