"conversation","uri","author_handle","text","parent_text","selection_reason","review","notes"
1,"at://did:plc:dzezcmpb3fhcpns4n4xm4ur5/app.bsky.feed.post/3mvibhqyix42y","cnn.com","Spending too much time working alone can be harmful to your mental health, new research suggests. As companies announce new return-to-office mandates, experts say it’s important to incorporate meaningful social interaction into your day, regardless of where you work. https://cnn.it/46Uoliz",NA,"Workplace isolation and mental health","workplace","Starting post about workplace isolation and return-to-office"
1,"at://did:plc:zurkayl6gwrvhcoufyqft23t/app.bsky.feed.post/3mvibq75glc2z","trekkiebill.bsky.social","Did the commercial real estate lobby write this?","Spending too much time working alone can be harmful to your mental health, new research suggests. As companies announce new return-to-office mandates, experts say it’s important to incorporate meaningful social interaction into your day, regardless of where you work. https://cnn.it/46Uoliz","Workplace isolation and mental health","workplace","Questions commercial-property interests behind the claim"
1,"at://did:plc:yum6z2ovzsg22nppgpl6226m/app.bsky.feed.post/3mvifrlfxfc2w","bordercountess.bsky.social","I think you seriously underestimate hom much some of us really hate people.","Spending too much time working alone can be harmful to your mental health, new research suggests. As companies announce new return-to-office mandates, experts say it’s important to incorporate meaningful social interaction into your day, regardless of where you work. https://cnn.it/46Uoliz","Workplace isolation and mental health","context","General reaction to the social-interaction claim"
1,"at://did:plc:wjcgbgdoqs2kjgd5n5vlhxhm/app.bsky.feed.post/3mviboe2rm22c","kbethany.bsky.social","They lost me when they equated being in a physical office space with “meaningful interactions”. 

My dude - whole movies and TV shows were made around how NOT meaningful office interactions are (and I’ve had deeper conversations with coworkers on a video call than I ever did in person)","Spending too much time working alone can be harmful to your mental health, new research suggests. As companies announce new return-to-office mandates, experts say it’s important to incorporate meaningful social interaction into your day, regardless of where you work. https://cnn.it/46Uoliz","Workplace isolation and mental health","workplace","Compares office interactions with coworker video calls"
1,"at://did:plc:wi7egetakmyckmyt5riow7st/app.bsky.feed.post/3mvic3biwtk2n","ronague.bsky.social","Really?","Spending too much time working alone can be harmful to your mental health, new research suggests. As companies announce new return-to-office mandates, experts say it’s important to incorporate meaningful social interaction into your day, regardless of where you work. https://cnn.it/46Uoliz","Workplace isolation and mental health","context","Brief sceptical reaction without a developed argument"
1,"at://did:plc:vx4jzliwqjmq5y5mxocaeixg/app.bsky.feed.post/3mvid42yuf223","jbiesiada.bsky.social","Ha! Ya sure. Ok. ""Bad for your mental health."" Look I dont have a job that allows me to work from home. But I did during Covid and it was the most freeing and mentally relaxing time I had at that company.","Spending too much time working alone can be harmful to your mental health, new research suggests. As companies announce new return-to-office mandates, experts say it’s important to incorporate meaningful social interaction into your day, regardless of where you work. https://cnn.it/46Uoliz","Workplace isolation and mental health","workplace","Workplace discussion, interpreted with parent context"
1,"at://did:plc:vhtbsh2cpnx3k2x2a6p7ugrn/app.bsky.feed.post/3mvifpr2im22z","mrtinmd.bsky.social","","Spending too much time working alone can be harmful to your mental health, new research suggests. As companies announce new return-to-office mandates, experts say it’s important to incorporate meaningful social interaction into your day, regardless of where you work. https://cnn.it/46Uoliz","Workplace isolation and mental health","unclear","Empty retrieved text; media not reviewed"
1,"at://did:plc:uif65qzb7auptgzhgybeo7ct/app.bsky.feed.post/3mviddtl6hs2h","sgoa.st","my meaningful social interaction is with my family, my neighbors, and that one cool coworker who i chat about video games with over teams a couple of times each week. i'm good.","Spending too much time working alone can be harmful to your mental health, new research suggests. As companies announce new return-to-office mandates, experts say it’s important to incorporate meaningful social interaction into your day, regardless of where you work. https://cnn.it/46Uoliz","Workplace isolation and mental health","workplace","Workplace discussion, interpreted with parent context"
1,"at://did:plc:u7kt3jsfanxlp45oivslza23/app.bsky.feed.post/3mvimcak2cc2m","maxwellgraf.bsky.social","You know what took a toll on my mental health? Stagnant wages. Unemployment. Lack of benefits. CUBICLES. Soul-sucking, seizure flickering, flourescent tube lighting. Permatemp status. Right to work states. Employee Healthcare.

Working from home was best career move I ever made. Eat the rich.","Spending too much time working alone can be harmful to your mental health, new research suggests. As companies announce new return-to-office mandates, experts say it’s important to incorporate meaningful social interaction into your day, regardless of where you work. https://cnn.it/46Uoliz","Workplace isolation and mental health","workplace","Workplace discussion, interpreted with parent context"
1,"at://did:plc:tcwk72surnrmhjflwj5sosis/app.bsky.feed.post/3mvibj7mdo22n","dailysummary.bsky.social","Remote work may harm mental health 🏥 due to social isolation, research suggests, affecting those who live alone and work remotely.
via @dailysummary.bsky.social","Spending too much time working alone can be harmful to your mental health, new research suggests. As companies announce new return-to-office mandates, experts say it’s important to incorporate meaningful social interaction into your day, regardless of where you work. https://cnn.it/46Uoliz","Workplace isolation and mental health","workplace","Workplace discussion, interpreted with parent context"
1,"at://did:plc:sp46m4g3r5kcm4gobvzs7d3x/app.bsky.feed.post/3mvidcq2rac2v","marvintheandriod.bsky.social","Some bullshit from CNN again.

Image 1: Quiet managers office 
Image 2: everyone else.","Spending too much time working alone can be harmful to your mental health, new research suggests. As companies announce new return-to-office mandates, experts say it’s important to incorporate meaningful social interaction into your day, regardless of where you work. https://cnn.it/46Uoliz","Workplace isolation and mental health","workplace","Workplace discussion, interpreted with parent context"
1,"at://did:plc:qyjavi6is4cjsh56pk5vhvxv/app.bsky.feed.post/3mvibro5cm22t","stonefeathers.bsky.social","Nope wrong

ain’t paying an extra 400  month to spend an extra 12 hours of my life per week commuting for something I can do from home 😏😉🤭","Spending too much time working alone can be harmful to your mental health, new research suggests. As companies announce new return-to-office mandates, experts say it’s important to incorporate meaningful social interaction into your day, regardless of where you work. https://cnn.it/46Uoliz","Workplace isolation and mental health","workplace","Workplace discussion, interpreted with parent context"
1,"at://did:plc:pes7x7lptzu3rx5zarorufej/app.bsky.feed.post/3mvidc6ocls2e","cobaltthegreat.bsky.social","Sounds like something a big corporation would say. 🤷🏻‍♂️","Spending too much time working alone can be harmful to your mental health, new research suggests. As companies announce new return-to-office mandates, experts say it’s important to incorporate meaningful social interaction into your day, regardless of where you work. https://cnn.it/46Uoliz","Workplace isolation and mental health","context","General suspicion of corporate messaging"
1,"at://did:plc:nrpmym4xzvxey3oa2jpju2td/app.bsky.feed.post/3mvibrnhr5k2e","ziuechoes.bsky.social","Oh no what will the millions landlords do if they can't rent out their office space. Oh I know manufacturers a mental health crisis.","Spending too much time working alone can be harmful to your mental health, new research suggests. As companies announce new return-to-office mandates, experts say it’s important to incorporate meaningful social interaction into your day, regardless of where you work. https://cnn.it/46Uoliz","Workplace isolation and mental health","workplace","Workplace discussion, interpreted with parent context"
1,"at://did:plc:mqdnedgryzwbcnewm5arn2y6/app.bsky.feed.post/3mviounjtkc2g","grunklemary.bsky.social","Since when did capitalism give a flying fuck about our mental health?","Spending too much time working alone can be harmful to your mental health, new research suggests. As companies announce new return-to-office mandates, experts say it’s important to incorporate meaningful social interaction into your day, regardless of where you work. https://cnn.it/46Uoliz","Workplace isolation and mental health","context","General ideological criticism"
1,"at://did:plc:ma4czio224v5a226ij7osd5r/app.bsky.feed.post/3mvibt2ortk2j","bisky123.bsky.social","I can socialize with my actual friends, thanks. Who paid for this research? That's the real question here.","Spending too much time working alone can be harmful to your mental health, new research suggests. As companies announce new return-to-office mandates, experts say it’s important to incorporate meaningful social interaction into your day, regardless of where you work. https://cnn.it/46Uoliz","Workplace isolation and mental health","workplace","Workplace discussion, interpreted with parent context"
1,"at://did:plc:kkj2eaqkvmuvzpgnv3w5minv/app.bsky.feed.post/3mvikoezeos26","34xfelonrapistrump.bsky.social","","Spending too much time working alone can be harmful to your mental health, new research suggests. As companies announce new return-to-office mandates, experts say it’s important to incorporate meaningful social interaction into your day, regardless of where you work. https://cnn.it/46Uoliz","Workplace isolation and mental health","unclear","Empty retrieved text; media not reviewed"
1,"at://did:plc:kinj5zfweyvtiuc7s3m5ml7x/app.bsky.feed.post/3mvimkc3ls22o","christineclaire.bsky.social","This is so stupid. 🙄","Spending too much time working alone can be harmful to your mental health, new research suggests. As companies announce new return-to-office mandates, experts say it’s important to incorporate meaningful social interaction into your day, regardless of where you work. https://cnn.it/46Uoliz","Workplace isolation and mental health","context","Brief negative reaction without explanation"
1,"at://did:plc:kgmtcuwsv3ya66wmcferrr24/app.bsky.feed.post/3mvics6uaws23","ergofoxxxy.bsky.social","Trying to get social interaction with all this extra time I would have working from home and not getting so stressed that I become unable to go out","Spending too much time working alone can be harmful to your mental health, new research suggests. As companies announce new return-to-office mandates, experts say it’s important to incorporate meaningful social interaction into your day, regardless of where you work. https://cnn.it/46Uoliz","Workplace isolation and mental health","workplace","Workplace discussion, interpreted with parent context"
1,"at://did:plc:gqjuv3nw7i54vmeojj7hhvh6/app.bsky.feed.post/3mvidcmcxas2n","grumpinuts.bsky.social","The previous item was a Paid Programming presentation on behalf of ORAA (Office Rental Association of America)...","Spending too much time working alone can be harmful to your mental health, new research suggests. As companies announce new return-to-office mandates, experts say it’s important to incorporate meaningful social interaction into your day, regardless of where you work. https://cnn.it/46Uoliz","Workplace isolation and mental health","workplace","Workplace discussion, interpreted with parent context"
1,"at://did:plc:glrcxolr27mn5djqonorpnyl/app.bsky.feed.post/3mvikdiyujk25","merseysippi.bsky.social","","Spending too much time working alone can be harmful to your mental health, new research suggests. As companies announce new return-to-office mandates, experts say it’s important to incorporate meaningful social interaction into your day, regardless of where you work. https://cnn.it/46Uoliz","Workplace isolation and mental health","unclear","Empty retrieved text; media not reviewed"
1,"at://did:plc:fnul573wne5edecghxrhgixm/app.bsky.feed.post/3mvidubz6qc2u","bludhavenoracle.bsky.social","I value the social interactions I have with friends outside of work.  My co-workers and I get along just fine, even tho we've all been WFH for years and years (decades in my case).

If corporations want to improve mental health in the workforce, they should treat us like human beings, not resources.","Spending too much time working alone can be harmful to your mental health, new research suggests. As companies announce new return-to-office mandates, experts say it’s important to incorporate meaningful social interaction into your day, regardless of where you work. https://cnn.it/46Uoliz","Workplace isolation and mental health","workplace","Workplace discussion, interpreted with parent context"
1,"at://did:plc:dqakfq5r7blgc5b7xlutcmpt/app.bsky.feed.post/3mvibju75722u","zapbr.bsky.social","Nice try, but, no, we dont wanna come back to offices.","Spending too much time working alone can be harmful to your mental health, new research suggests. As companies announce new return-to-office mandates, experts say it’s important to incorporate meaningful social interaction into your day, regardless of where you work. https://cnn.it/46Uoliz","Workplace isolation and mental health","workplace","Workplace discussion, interpreted with parent context"
1,"at://did:plc:cntyk4pi5cudb7xo4ezlqdoh/app.bsky.feed.post/3mvibqf6bi22t","motown.bsky.social","Hey CNN","Spending too much time working alone can be harmful to your mental health, new research suggests. As companies announce new return-to-office mandates, experts say it’s important to incorporate meaningful social interaction into your day, regardless of where you work. https://cnn.it/46Uoliz","Workplace isolation and mental health","context","Brief address to the publisher"
1,"at://did:plc:7skaafrfdnk37czaqz3ecc46/app.bsky.feed.post/3mvidbl34bs2x","constantii.bsky.social","Most people are perfectly capable of organising as much social interaction as they want. RTO can be much more harmful to your mental health. Best ignore articles like this, sponsored as they are by the clueless dinosaurs who don't understand their most important resource.","Spending too much time working alone can be harmful to your mental health, new research suggests. As companies announce new return-to-office mandates, experts say it’s important to incorporate meaningful social interaction into your day, regardless of where you work. https://cnn.it/46Uoliz","Workplace isolation and mental health","workplace","Workplace discussion, interpreted with parent context"
1,"at://did:plc:5ff6tj2qv5pvd54qkjq6zdlv/app.bsky.feed.post/3mvibozftys2l","nk-dizzle.bsky.social","Did the office buildings write this?","Spending too much time working alone can be harmful to your mental health, new research suggests. As companies announce new return-to-office mandates, experts say it’s important to incorporate meaningful social interaction into your day, regardless of where you work. https://cnn.it/46Uoliz","Workplace isolation and mental health","workplace","Workplace discussion, interpreted with parent context"
1,"at://did:plc:5776527qqgsxtkszncakmyvk/app.bsky.feed.post/3mvida22uos2a","notpirateradio.bsky.social","This is why I went back to the office as soon as it reopened in 2022. Usually 2-3 days a week. The company hasn't mandated anything.","Spending too much time working alone can be harmful to your mental health, new research suggests. As companies announce new return-to-office mandates, experts say it’s important to incorporate meaningful social interaction into your day, regardless of where you work. https://cnn.it/46Uoliz","Workplace isolation and mental health","workplace","Workplace discussion, interpreted with parent context"
1,"at://did:plc:4pc6t2e7jjkboqr2mrbcj2gw/app.bsky.feed.post/3mviolebh2s22","themoonking.bsky.social","Oof, my arms would be so tired from carrying all this water.","Spending too much time working alone can be harmful to your mental health, new research suggests. As companies announce new return-to-office mandates, experts say it’s important to incorporate meaningful social interaction into your day, regardless of where you work. https://cnn.it/46Uoliz","Workplace isolation and mental health","context","Sarcastic reaction without a developed argument"
1,"at://did:plc:35ktkfzrov6valfzgmwl6c25/app.bsky.feed.post/3mvibo5hcys2u","eacamp.bsky.social","Which experts?  
Seriously better to spend hours commuting each day than work from home?  As someone who has done both I can attest that WFH was way better for my and my family’s everything health.  

Especially when gas is bloody $4.59 a gallon.  What terrible timing for a piece like this!!","Spending too much time working alone can be harmful to your mental health, new research suggests. As companies announce new return-to-office mandates, experts say it’s important to incorporate meaningful social interaction into your day, regardless of where you work. https://cnn.it/46Uoliz","Workplace isolation and mental health","workplace","Workplace discussion, interpreted with parent context"
1,"at://did:plc:2plyesqldxdwbqlzuekp4rak/app.bsky.feed.post/3mvilbjp3is27","barrybarrybarry.bsky.social","Working at home helps  you avoid all the morons in your life. 👍🤪","Spending too much time working alone can be harmful to your mental health, new research suggests. As companies announce new return-to-office mandates, experts say it’s important to incorporate meaningful social interaction into your day, regardless of where you work. https://cnn.it/46Uoliz","Workplace isolation and mental health","workplace","Workplace discussion, interpreted with parent context"
1,"at://did:plc:squuowlpozbyyqyqavgsxs6s/app.bsky.feed.post/3mvig5gnbhs2a","lawnmaker.bsky.social","It sounds like that these CEOs are against AI replacing human workers","Did the commercial real estate lobby write this?","Workplace isolation and mental health","context","AI employment tangent; indirect link to workplace arrangements"
1,"at://did:plc:dhj3i656ctijpwzsm7ongdbw/app.bsky.feed.post/3mvielhda7c2p","jimandrakakis.net","No, but they paid for it","Did the office buildings write this?","Workplace isolation and mental health","workplace","Workplace discussion, interpreted with parent context"
2,"at://did:plc:6hit5rjdbmlnscmuk4bbtmuc/app.bsky.feed.post/3mwee54fx722l","rincewind.run","this is one of the many reasons that ""fuck you, come back to the office"" was so infuriating, you've got a bunch of folks who were doing just fine with remote work and in fact may have bought a house assuming they could keep doing it and now they can't afford to live near the office",NA,"Return-to-office and housing costs","workplace","RTO and housing discussion, interpreted with parent context"
2,"at://did:plc:zdxqp46rnlcya54f6cba452r/app.bsky.feed.post/3mwegfkc4xk2s","nickcalhoun81.bsky.social","The office workers are just another form of serfdom to keep the commercial property market growing. We are just cogs in one fucking bullshit scam capitalist fascist machine.","this is one of the many reasons that ""fuck you, come back to the office"" was so infuriating, you've got a bunch of folks who were doing just fine with remote work and in fact may have bought a house assuming they could keep doing it and now they can't afford to live near the office","Return-to-office and housing costs","workplace","RTO and housing discussion, interpreted with parent context"
2,"at://did:plc:u4fhzjpft32owhd3y25dp7ul/app.bsky.feed.post/3mwelye2osk2q","goodcitizen.bsky.social","1000x agree, it’s so shortsighted","this is one of the many reasons that ""fuck you, come back to the office"" was so infuriating, you've got a bunch of folks who were doing just fine with remote work and in fact may have bought a house assuming they could keep doing it and now they can't afford to live near the office","Return-to-office and housing costs","context","Brief agreement without a developed argument"
2,"at://did:plc:rum5sqtx3mbib43oobgvxyqp/app.bsky.feed.post/3mweedvqzp22m","ruinista.bsky.social","[Raises infuriated hand in 1.5 hr commute - each way - now that I've got a 5 day/week RTO schedule, after buying a house during the pandemic that had a perfect 2-small-office-area setup]","this is one of the many reasons that ""fuck you, come back to the office"" was so infuriating, you've got a bunch of folks who were doing just fine with remote work and in fact may have bought a house assuming they could keep doing it and now they can't afford to live near the office","Return-to-office and housing costs","workplace","RTO and housing discussion, interpreted with parent context"
2,"at://did:plc:rcn7vysjls7z5m4xgfktik6h/app.bsky.feed.post/3mweeb26wys2o","wolfman2wolfman.bsky.social","Bought a house in SF at 3% and I guess we’ll die here. Can’t afford to move.","this is one of the many reasons that ""fuck you, come back to the office"" was so infuriating, you've got a bunch of folks who were doing just fine with remote work and in fact may have bought a house assuming they could keep doing it and now they can't afford to live near the office","Return-to-office and housing costs","workplace","RTO and housing discussion, interpreted with parent context"
2,"at://did:plc:mzlvwvhvt7vhj4nbyl75chfp/app.bsky.feed.post/3mwegdtyne22t","joseph-n-hall.bsky.social","well at least the fact that people can't afford to move out of their houses will keep the supply short and prices high(ish) ...","this is one of the many reasons that ""fuck you, come back to the office"" was so infuriating, you've got a bunch of folks who were doing just fine with remote work and in fact may have bought a house assuming they could keep doing it and now they can't afford to live near the office","Return-to-office and housing costs","context","Housing-supply and price background"
2,"at://did:plc:ladiphi6uuoa7db6it5h337q/app.bsky.feed.post/3mwegi422wc27","chrisboftheeast.bsky.social","And they closed the satellites cuz remote worked so well, so the commute is longer, and more expensive, and everyone is sicker","this is one of the many reasons that ""fuck you, come back to the office"" was so infuriating, you've got a bunch of folks who were doing just fine with remote work and in fact may have bought a house assuming they could keep doing it and now they can't afford to live near the office","Return-to-office and housing costs","workplace","RTO and housing discussion, interpreted with parent context"
2,"at://did:plc:hpcqoq3qu2igstio5udmyfe5/app.bsky.feed.post/3mweeb3esw22k","danielwbrody.bsky.social","Relocation to where the jobs are also more difficult if you are swapping a low mortgage for what is sure to be a high one.","this is one of the many reasons that ""fuck you, come back to the office"" was so infuriating, you've got a bunch of folks who were doing just fine with remote work and in fact may have bought a house assuming they could keep doing it and now they can't afford to live near the office","Return-to-office and housing costs","workplace","RTO and housing discussion, interpreted with parent context"
2,"at://did:plc:ebjwc2vlq7bgkwrjgz7hisbm/app.bsky.feed.post/3mweel7zqa22c","coal-carter.bsky.social","Especially for the federal gov where entire offices were primarily or exclusively remote and nobody had ever been in office. There's no way you could expect to need to RTO if there is no office!","this is one of the many reasons that ""fuck you, come back to the office"" was so infuriating, you've got a bunch of folks who were doing just fine with remote work and in fact may have bought a house assuming they could keep doing it and now they can't afford to live near the office","Return-to-office and housing costs","workplace","RTO and housing discussion, interpreted with parent context"
2,"at://did:plc:bz6wjys2big2v6say3yx775k/app.bsky.feed.post/3mweepzjtq22g","adamiani.bsky.social","We should encourage a return to work from home as a policy matter.","this is one of the many reasons that ""fuck you, come back to the office"" was so infuriating, you've got a bunch of folks who were doing just fine with remote work and in fact may have bought a house assuming they could keep doing it and now they can't afford to live near the office","Return-to-office and housing costs","workplace","RTO and housing discussion, interpreted with parent context"
2,"at://did:plc:ai6bqm2vfan6aw655pmezyor/app.bsky.feed.post/3mwegwudhtc2m","flopperdog.bsky.social","I know of people who were *explicitly told* by management that it was safe to buy a house in Sacramento because they wouldn't have to commute back to Mountain View

They lied","this is one of the many reasons that ""fuck you, come back to the office"" was so infuriating, you've got a bunch of folks who were doing just fine with remote work and in fact may have bought a house assuming they could keep doing it and now they can't afford to live near the office","Return-to-office and housing costs","workplace","RTO and housing discussion, interpreted with parent context"
2,"at://did:plc:7dk5vcgzb6sgufcikckpz6vn/app.bsky.feed.post/3mwegeobarc2q","kevin.crime.group","it was about saving the asses of the commercial real estate landlords, fuck the labor once again","this is one of the many reasons that ""fuck you, come back to the office"" was so infuriating, you've got a bunch of folks who were doing just fine with remote work and in fact may have bought a house assuming they could keep doing it and now they can't afford to live near the office","Return-to-office and housing costs","workplace","RTO and housing discussion, interpreted with parent context"
2,"at://did:plc:6hit5rjdbmlnscmuk4bbtmuc/app.bsky.feed.post/3mweg7zuwi22d","rincewind.run","yeah you can see the biggest jump in housing prices correlating with times of extremely low interest rates (like the post-COVID spike) and now we’re in a situation where we have high prices (prices are sticky) and high rates so everything is vastly less affordable","this is one of the many reasons that ""fuck you, come back to the office"" was so infuriating, you've got a bunch of folks who were doing just fine with remote work and in fact may have bought a house assuming they could keep doing it and now they can't afford to live near the office","Return-to-office and housing costs","context","Interest-rate and housing-affordability background"
2,"at://did:plc:ladiphi6uuoa7db6it5h337q/app.bsky.feed.post/3mwegrtq7rk27","chrisboftheeast.bsky.social","I think you are way off base and should check yourself. You forgot about forcing us to burn more oil, buy over priced shitty food at their chains (the only thing near the office), wear and tear on our cars, shitty clothes just for the office so we can choke on germs for which we need their insurance","The office workers are just another form of serfdom to keep the commercial property market growing. We are just cogs in one fucking bullshit scam capitalist fascist machine.","Return-to-office and housing costs","workplace","RTO and housing discussion, interpreted with parent context"
2,"at://did:plc:ebjwc2vlq7bgkwrjgz7hisbm/app.bsky.feed.post/3mweembbuxk2c","coal-carter.bsky.social","Uhhh ""office"" doing double duty here as organizational structure and physical location. But you know what I mean","Especially for the federal gov where entire offices were primarily or exclusively remote and nobody had ever been in office. There's no way you could expect to need to RTO if there is no office!","Return-to-office and housing costs","context","Clarifies organisational office versus physical office"
2,"at://did:plc:wyerjmwwzunckmwlr56vmipd/app.bsky.feed.post/3mwegszsk4223","robot-bastard.bsky.social","The fact that so many people have been told that Your Housing Price On Zillow Represents Actual Wealth has, I think, something to do with this.","yeah you can see the biggest jump in housing prices correlating with times of extremely low interest rates (like the post-COVID spike) and now we’re in a situation where we have high prices (prices are sticky) and high rates so everything is vastly less affordable","Return-to-office and housing costs","context","House valuations and perceived wealth"
2,"at://did:plc:p76p42d4gpiceldhcpuzkwel/app.bsky.feed.post/3mwegexxqcs2f","dave.bzky.team","Yup, and to the extent prices fall, it (1) doesn't benefit buyers -- just causes more of their payment to go to the bank, and (2) hurts sellers","yeah you can see the biggest jump in housing prices correlating with times of extremely low interest rates (like the post-COVID spike) and now we’re in a situation where we have high prices (prices are sticky) and high rates so everything is vastly less affordable","Return-to-office and housing costs","context","Housing-price effects on buyers and sellers"
2,"at://did:plc:m3doiiy5edz5isqvrdpxiaty/app.bsky.feed.post/3mwekg7siyk2t","cassius59.bsky.social","This why I don’t get all the time spent on analyzing “vibes” from 2021-2024. Many felt more financially insecure despite underlying economic strength.","yeah you can see the biggest jump in housing prices correlating with times of extremely low interest rates (like the post-COVID spike) and now we’re in a situation where we have high prices (prices are sticky) and high rates so everything is vastly less affordable","Return-to-office and housing costs","off-topic","Broader economic perceptions without a clear work-arrangement link"
2,"at://did:plc:ddmcvmcbuhq67lnl6rf6u5k7/app.bsky.feed.post/3mwegipzukk2d","dwilliamesq.bsky.social","Yeah, I, uh, did an adjustable rate mortgage when we bought the house and I’m not looking forward to the adjustment portion, though fortunately i think we will be able to handle it and also refinance to something fixed. But many people are not so lucky.","yeah you can see the biggest jump in housing prices correlating with times of extremely low interest rates (like the post-COVID spike) and now we’re in a situation where we have high prices (prices are sticky) and high rates so everything is vastly less affordable","Return-to-office and housing costs","context","Personal mortgage and refinancing background"
2,"at://did:plc:bqqmoom6eiznml3kcln47ftd/app.bsky.feed.post/3mwegnzrurk24","rwruedii.bsky.social","One also has to consider the delta (change over time) on the interest rate.  When interest rates drop rapidly is when you see drastic increase in housing costs, because there is a drastic increase in buyers.","yeah you can see the biggest jump in housing prices correlating with times of extremely low interest rates (like the post-COVID spike) and now we’re in a situation where we have high prices (prices are sticky) and high rates so everything is vastly less affordable","Return-to-office and housing costs","context","Interest rates and housing demand"
2,"at://did:plc:6hit5rjdbmlnscmuk4bbtmuc/app.bsky.feed.post/3mwegjtrah22d","rincewind.run","an actual fall in housing prices was a big part of why 2008 was so bad because it’s one thing to feel stuck in a house because buying a different one is too expensive but another to be literally stuck in the house because selling it won’t cover how much you owe the bank","yeah you can see the biggest jump in housing prices correlating with times of extremely low interest rates (like the post-COVID spike) and now we’re in a situation where we have high prices (prices are sticky) and high rates so everything is vastly less affordable","Return-to-office and housing costs","context","Negative equity and difficulty moving"
2,"at://did:plc:5kozw3yswpytdlhao2nbtfcw/app.bsky.feed.post/3mwegxzjdys2z","moira.bsky.social","And the top it off, we have spiking home insurance premiums! In some parts of the country, the rates are even rivaling peoples monthly mortgage payments ￼","yeah you can see the biggest jump in housing prices correlating with times of extremely low interest rates (like the post-COVID spike) and now we’re in a situation where we have high prices (prices are sticky) and high rates so everything is vastly less affordable","Return-to-office and housing costs","context","Home-insurance costs"
2,"at://did:plc:5buc5zep65t3z2eirjja2xh5/app.bsky.feed.post/3mwege5uuik22","pardontherant.bsky.social","Yeah this is what kills me. I could eat the higher rate if prices came down. But when the average cost for anything in my area is north of 300k? 350k for anything nice?

🤷","yeah you can see the biggest jump in housing prices correlating with times of extremely low interest rates (like the post-COVID spike) and now we’re in a situation where we have high prices (prices are sticky) and high rates so everything is vastly less affordable","Return-to-office and housing costs","context","House prices and interest-rate affordability"
3,"at://did:plc:ufjfrrqerpv5flbvmsdkthyg/app.bsky.feed.post/3mwbdvngx7223","shockemc.bsky.social","I get why people want remote work, I just don't understand why no one seems to worry about how much easier it makes you to replace with not just anyone else who's qualified in the country but potentially, internationally.",NA,"Remote work and job competition","workplace","Starting post: remote work and wider competition for jobs"
3,"at://did:plc:zkaxmhhljhimdxmsxwrlkfnw/app.bsky.feed.post/3mwbkrc23es2n","parochialnimrod.bsky.social","damn they aren't going to fuck you over otherwise huh","I get why people want remote work, I just don't understand why no one seems to worry about how much easier it makes you to replace with not just anyone else who's qualified in the country but potentially, internationally.","Remote work and job competition","context","Reaction to the starting post or its author without a developed workplace argument"
3,"at://did:plc:yfrkxf2d3m2rlurfgeb25s7w/app.bsky.feed.post/3mwbigomess2p","senrab.bsky.social","Who the fuck asked","I get why people want remote work, I just don't understand why no one seems to worry about how much easier it makes you to replace with not just anyone else who's qualified in the country but potentially, internationally.","Remote work and job competition","context","Reaction to the starting post or its author without a developed workplace argument"
3,"at://did:plc:sex2gjeyrvwug55rar672lil/app.bsky.feed.post/3mwbi5f62us2g","crawf34.bsky.social","oddly specific. did someone from another country take away your job of [checks notes] sweeping up pubes at the glory hole","I get why people want remote work, I just don't understand why no one seems to worry about how much easier it makes you to replace with not just anyone else who's qualified in the country but potentially, internationally.","Remote work and job competition","context","Reaction to the starting post or its author without a developed workplace argument"
3,"at://did:plc:s5fl7z7bwfmgqwsn5jkjgagv/app.bsky.feed.post/3mwbiiw5qlc2t","jezzerat.bsky.social","Weird how your concern trolling lines up with corporate desires","I get why people want remote work, I just don't understand why no one seems to worry about how much easier it makes you to replace with not just anyone else who's qualified in the country but potentially, internationally.","Remote work and job competition","context","Reaction to the starting post or its author without a developed workplace argument"
3,"at://did:plc:njhdk26zdoxrd6dztngazea7/app.bsky.feed.post/3mwbmbtkp3k2i","machminotaur.bsky.social","anyone could replace you if this is how you talk because you are vapid as fuck bro. nothing goin on upstairs. really out to lunch forever. they put your picture on a broom in your cube and farting sounds on repeat and no one noticed any difference","I get why people want remote work, I just don't understand why no one seems to worry about how much easier it makes you to replace with not just anyone else who's qualified in the country but potentially, internationally.","Remote work and job competition","context","Reaction to the starting post or its author without a developed workplace argument"
3,"at://did:plc:bwrypw2btrhlf7mgb5eobjjv/app.bsky.feed.post/3mwbifshios2x","moosebigelow.bsky.social","","I get why people want remote work, I just don't understand why no one seems to worry about how much easier it makes you to replace with not just anyone else who's qualified in the country but potentially, internationally.","Remote work and job competition","unclear","Empty retrieved text; media not reviewed"
3,"at://did:plc:ae3tpnzdqd5l3lsrs4rhmq7n/app.bsky.feed.post/3mwbgxk5rn22x","goodboy.bsky.social","Who da fuk r u","I get why people want remote work, I just don't understand why no one seems to worry about how much easier it makes you to replace with not just anyone else who's qualified in the country but potentially, internationally.","Remote work and job competition","context","Reaction to the starting post or its author without a developed workplace argument"
3,"at://did:plc:2tqi5gjiyhqxidzx7h2kxzbj/app.bsky.feed.post/3mwbhdntkyc2u","nasboat.org","","I get why people want remote work, I just don't understand why no one seems to worry about how much easier it makes you to replace with not just anyone else who's qualified in the country but potentially, internationally.","Remote work and job competition","unclear","Empty retrieved text; media not reviewed"
3,"at://did:plc:aakho7uah6oavtf4lfuzcjze/app.bsky.feed.post/3mwbhg7uzn22m","oilcantim.bsky.social","that’s matt s the s stands for shutdafuckupmatts","Who da fuk r u","Remote work and job competition","context","Reaction to the starting post or its author without a developed workplace argument"
3,"at://did:plc:hqxzm5rzzttpuuhe32mpae7u/app.bsky.feed.post/3mwbhkrrm622y","dochammertime.bsky.social","Love a good club dread clip","","Remote work and job competition","unclear","Film-clip reaction; parent text empty and media not reviewed"
