"uri","group","text","review"
"at://did:plc:l3ptgnuufemqt7e6xb4gurbp/app.bsky.feed.post/3musj5fio7c2o","RTO","For someone who said he knew nothing about Project 2025, a lot  has been implemented from it. “The idea of paying parents to stay home was outlined in Project 2025, the conservative blueprint published by the Heritage Foundation ahead of Mr. Trump’s return to office”
www.nytimes.com/2026/09/05/u...","Exclude: political office"
"at://did:plc:aq4wcnqm73pk55cjo7arnb54/app.bsky.feed.post/3mvkxfbi53s2q","RTO","look it is bad enough that i have to do work things in this beautiful state as it is don't even try to ask me to come to the bad building full of work things

www.cpr.org/2026/09/14/d...","Keep: workplace"
"at://did:plc:4u7eb6trtynobjfm2irebn66/app.bsky.feed.post/3mvna533sdc2y","RTO","Every day is a new scandal. Pathological levels of greed:

""President Donald Trump made nearly 28,700 stock trades in 17 months...a new Bloomberg analysis that found Trump traded more securities than every member of Congress combined since his return to office in 2025""","Exclude: political office"
"at://did:plc:zm6crgy7vicgqltktsu3rtw4/app.bsky.feed.post/3mw4hcym5mk25","RTO","3. A job market that was still technically pretty good but was also marred by some of the “revenge of the bosses” stuff: return to office mandates, massive tech layoffs, increasingly odious application processes, etc.","Keep: workplace"
"at://did:plc:h7e65tximqxiaciu2ztv2vvz/app.bsky.feed.post/3mvobddeiin27","RTO","I think the key is focus on what capabilities you need, find the person who can solve & perform successfully & then allow them the work space they need from in-office to remote. Performance more than place should be measured. zurl.co/JKnys","Keep: workplace"
"at://did:plc:sukzzt423f2uysgpylirmyy5/app.bsky.feed.post/3mubpqhabm22m","RTO","Every single premier needs to be pulled from office, sat down and forced to read the convention on genocide and the UN CRPD in full before they are allowed to return to office. Charter too.

If they can’t comprehend what they say, OR FOLLOW THEM, then they should be barred from politics permanently.","Exclude: political office"
"at://did:plc:i33mwbcjc5sgiynvdzzc7wnj/app.bsky.feed.post/3mtwxve2quk2r","RTO","politicalwire.com/2026/08/25/d...","Unclear: link only"
"at://did:plc:6ovlo4qs7lqwzxveccntb7vp/app.bsky.feed.post/3muynakfgolr2","RTO","@waspfactory Det sägs att _alla_ ""return to office"" är dolda neddragningar där man hoppas att folk säger upp sig istället. Låter kanske inte helt omöjligt om de även sagt något om uppsägningar?","Workplace: Swedish text"
"at://did:plc:p3ounric4vjiajmut2ypasfs/app.bsky.feed.post/3muozyohuy42o","RTO","Canada failed to learn from Trump's mistakes on return to office: researcher ottawacitizen.com/public-servi...","Keep: workplace"
"at://did:plc:xnln5jd4y2rg2gc56roys5e4/app.bsky.feed.post/3muwjsmktxc2v","RTO","This whole Mitch McConnell thing is absolute bullshit, and if Dems win the midterms, it too needs to be investigated. If he he is unable to return to office, his entire team needs to go to prison for defrauding the people. His salary and medical care don’t come out of thin air. It’s our taxes.","Exclude: political office"
"at://did:plc:mbsab43g7tpt5yxcowqirq2m/app.bsky.feed.post/3mvpsr4p6ns2j","WFH","I recently came across a posting for a job that sounded very good and would pay 4x my current salary for remote work.

It was an effective altruism org.","Keep: workplace"
"at://did:plc:aj5myd3ycbv6suoqcprekqkl/app.bsky.feed.post/3mvtsaznrqg2w","WFH","Some things are better left unshared. Silence, in the age of remote work, is not a failure of participation — it is a profound act of mercy toward yo...

#proverb #wisdom #dailyproverb #promptedwisdom #aiart
https://promptedwisdom.com/proverb/better-a-muted-microphone-than-a-thousand-colleagues","Keep: workplace"
"at://did:plc:4saocrkenrxczgpxcnnunacg/app.bsky.feed.post/3mwlmwy2eqh2w","WFH","https://www.theglobeandmail.com/business/commentary/article-remote-work-is-finally-ending-as-the-pandemic-era-fades/","Link only: no prose to analyse"
"at://did:plc:kw6nwhkguyj2lxczj7wimlnu/app.bsky.feed.post/3mwdst2y5tc2k","WFH","A London-based professional moved to Sliema, Malta for a content-lead role, then shifted toward Gozo after COVID-era tourism surges and commute-free remote work.
","Keep: workplace"
"at://did:plc:s7xzopkupgp2lggv6ynrz325/app.bsky.feed.post/3mvvss2ccng2h","WFH","https://tottubella.com/blog/cagliari-coffee-shops-for-remote-work-laptop-friendly-places-to-know #Cagliari #RemoteWork #DigitalNomad #Sardinia (2/2)","Keep: workplace"
"at://did:plc:kof5m3kj2lpme6dgia33ijrc/app.bsky.feed.post/3mw3s5anlsc2s","WFH","🏙️What does the rise of remote work mean for Istanbul?

The expansion of #Remote and #HybridWork is gradually reshaping Istanbul’s working landscape, influencing offices, commuting patterns and residential choices.

🔎Discover the Istanbul Use Case here: r-map.eu/istanbul-and...

#RMap","Keep: workplace"
"at://did:plc:l2mov5eyyexr2xtnoh46uvib/app.bsky.feed.post/3mw4sfcd6ss2q","WFH","Having recently been on the job market, if you are looking for remote work (and even to a lesser extent if you’re not; the hiring manager at a government job that actually takes effort to apply for only ~10% of applicant were qualified), it absolutely is a high volume.","Keep: workplace"
"at://did:plc:xo6giww5xldglc76xhlnwa5h/app.bsky.feed.post/3mw5dle5ams2b","WFH","I would like to appreciate the mandatory government safety training of Canada that is required to keep my job for kicking me into to setting up my remote work home setup in a reasonable and adulting kind of way","Keep: workplace"
"at://did:plc:lledbzywvdnzn2hb5m2gtb6f/app.bsky.feed.post/3mwfk5ljrcs2p","WFH","Hahaha, I have so much fabric to wash now. Don't know if this will be an all-nighter, but my bedtime will probably be 3am.

That's fine. I'm not going back to in-office work until after October. And never, if the current remote work holds steady.

I really *like* not being depressed on Sundays.","Keep: workplace"
"at://did:plc:ihl667oyujekuvexdhtgwvc5/app.bsky.feed.post/3mwexniytol2r","WFH","Remote work should be promoted instead of approving regressive transit tax measures, and voters should reject additional transportation funding.
","Keep: workplace"
